sarcasm,irony,satire,understatement,overstatement,rhetorical_question,sarcastic,text_path,split
0,1,0,0,0,0,1,paragraphs/paragraph_000001.txt,train
0,0,0,0,0,0,0,paragraphs/paragraph_000002.txt,cal
1,0,0,0,0,0,1,paragraphs/paragraph_000003.txt,test
0,0,0,0,0,0,0,paragraphs/paragraph_000004.txt,train
0,1,0,0,0,0,1,paragraphs/paragraph_000005.txt,train
0,0,0,0,0,0,0,paragraphs/paragraph_000006.txt,train
1,0,0,0,0,0,1,paragraphs/paragraph_000007.txt,train
0,0,0,0,0,0,0,paragraphs/paragraph_000008.txt,cal
1,0,0,0,0,0,1,paragraphs/paragraph_000009.txt,test
0,0,0,0,0,0,0,paragraphs/paragraph_000010.txt,test
0,1,0,1,0,0,1,paragraphs/paragraph_000011.txt,train
0,0,0,0,0,0,0,paragraphs/paragraph_000012.txt,cal
0,1,0,0,0,1,1,paragraphs/paragraph_000013.txt,cal
0,0,0,0,0,0,0,paragraphs/paragraph_000014.txt,train
1,0,0,0,0,0,1,paragraphs/paragraph_000015.txt,train
0,0,0,0,0,0,0,paragraphs/paragraph_000016.txt,train
1,0,0,0,0,0,1,paragraphs/paragraph_000017.txt,train
0,0,0,0,0,0,0,paragraphs/paragraph_000018.txt,train
1,0,0,0,0,1,1,paragraphs/paragraph_000019.txt,train
0,0,0,0,0,0,0,paragraphs/paragraph_000020.txt,train
0,1,0,0,0,0,1,paragraphs/paragraph_000021.txt,test
0,0,0,0,0,0,0,paragraphs/paragraph_000022.txt,train
0,1,0,0,0,0,1,paragraphs/paragraph_000023.txt,train
0,0,0,0,0,0,0,paragraphs/paragraph_000024.txt,train
1,0,0,0,0,0,1,paragraphs/paragraph_000025.txt,train
0,0,0,0,0,0,0,paragraphs/paragraph_000026.txt,test
1,0,0,0,0,1,1,paragraphs/paragraph_000027.txt,train
0,0,0,0,0,0,0,paragraphs/paragraph_000028.txt,train
1,0,0,0,0,0,1,paragraphs/paragraph_000029.txt,train
0,0,0,0,0,0,0,paragraphs/paragraph_000030.txt,train
1,0,0,0,0,0,1,paragraphs/paragraph_000031.txt,test
0,0,0,0,0,0,0,paragraphs/paragraph_000032.txt,train
1,1,0,0,0,0,1,paragraphs/paragraph_000033.txt,train
0,0,0,0,0,0,0,paragraphs/paragraph_000034.txt,cal
1,0,0,0,0,0,1,paragraphs/paragraph_000035.txt,cal
0,0,0,0,0,0,0,paragraphs/paragraph_000036.txt,cal
0,1,0,0,0,0,1,paragraphs/paragraph_000037.txt,train
0,0,0,0,0,0,0,paragraphs/paragraph_000038.txt,train
1,0,0,0,0,0,1,paragraphs/paragraph_000039.txt,test
0,0,0,0,0,0,0,paragraphs/paragraph_000040.txt,train
1,0,0,0,0,0,1,paragraphs/paragraph_000041.txt,train
0,0,0,0,0,0,0,paragraphs/paragraph_000042.txt,train
0,1,0,0,0,0,1,paragraphs/paragraph_000043.txt,train
0,0,0,0,0,0,0,paragraphs/paragraph_000044.txt,cal
1,0,0,0,0,0,1,paragraphs/paragraph_000045.txt,train
0,0,0,0,0,0,0,paragraphs/paragraph_000046.txt,test
1,0,0,0,0,0,1,paragraphs/paragraph_000047.txt,train
0,0,0,0,0,0,0,paragraphs/paragraph_000048.txt,train
1,0,0,0,0,0,1,paragraphs/paragraph_000049.txt,train
0,0,0,0,0,0,0,paragraphs/paragraph_000050.txt,train
0,1,0,0,0,0,1,paragraphs/paragraph_000051.txt,cal
0,0,0,0,0,0,0,paragraphs/paragraph_000052.txt,test
1,0,0,0,0,0,1,paragraphs/paragraph_000053.txt,cal
0,0,0,0,0,0,0,paragraphs/paragraph_000054.txt,cal
1,0,0,0,0,0,1,paragraphs/paragraph_000055.txt,train
0,0,0,0,0,0,0,paragraphs/paragraph_000056.txt,cal
1,0,0,0,0,0,1,paragraphs/paragraph_000057.txt,train
0,0,0,0,0,0,0,paragraphs/paragraph_000058.txt,train
1,0,0,0,0,0,1,paragraphs/paragraph_000059.txt,train
0,0,0,0,0,0,0,paragraphs/paragraph_000060.txt,train
1,0,0,0,0,0,1,paragraphs/paragraph_000061.txt,train
0,0,0,0,0,0,0,paragraphs/paragraph_000062.txt,train
1,0,0,0,0,0,1,paragraphs/paragraph_000063.txt,cal
0,0,0,0,0,0,0,paragraphs/paragraph_000064.txt,train
1,0,0,0,0,0,1,paragraphs/paragraph_000065.txt,train
0,0,0,0,0,0,0,paragraphs/paragraph_000066.txt,train
1,0,0,0,0,0,1,paragraphs/paragraph_000067.txt,train
0,0,0,0,0,0,0,paragraphs/paragraph_000068.txt,cal
1,0,0,0,0,0,1,paragraphs/paragraph_000069.txt,train
0,0,0,0,0,0,0,paragraphs/paragraph_000070.txt,cal
1,0,0,0,0,0,1,paragraphs/paragraph_000071.txt,test
0,0,0,0,0,0,0,paragraphs/paragraph_000072.txt,train
1,0,0,0,0,0,1,paragraphs/paragraph_000073.txt,train
0,0,0,0,0,0,0,paragraphs/paragraph_000074.txt,cal
1,0,0,0,0,0,1,paragraphs/paragraph_000075.txt,test
0,0,0,0,0,0,0,paragraphs/paragraph_000076.txt,test
1,0,0,0,0,0,1,paragraphs/paragraph_000077.txt,test
0,0,0,0,0,0,0,paragraphs/paragraph_000078.txt,train
1,0,0,0,0,0,1,paragraphs/paragraph_000079.txt,train
0,0,0,0,0,0,0,paragraphs/paragraph_000080.txt,train
1,0,0,0,0,0,1,paragraphs/paragraph_000081.txt,cal
0,0,0,0,0,0,0,paragraphs/paragraph_000082.txt,test
1,0,0,0,0,0,1,paragraphs/paragraph_000083.txt,train
0,0,0,0,0,0,0,paragraphs/paragraph_000084.txt,train
0,1,0,0,1,0,1,paragraphs/paragraph_000085.txt,train
0,0,0,0,0,0,0,paragraphs/paragraph_000086.txt,train
1,0,0,1,0,0,1,paragraphs/paragraph_000087.txt,test
0,0,0,0,0,0,0,paragraphs/paragraph_000088.txt,test
1,0,0,0,0,0,1,paragraphs/paragraph_000089.txt,cal
0,0,0,0,0,0,0,paragraphs/paragraph_000090.txt,train
1,0,0,0,0,0,1,paragraphs/paragraph_000091.txt,train
0,0,0,0,0,0,0,paragraphs/paragraph_000092.txt,test
1,0,0,0,0,0,1,paragraphs/paragraph_000093.txt,test
0,0,0,0,0,0,0,paragraphs/paragraph_000094.txt,train
1,0,0,0,0,1,1,paragraphs/paragraph_000095.txt,test
0,0,0,0,0,0,0,paragraphs/paragraph_000096.txt,train
1,0,0,0,0,0,1,paragraphs/paragraph_000097.txt,train
0,0,0,0,0,0,0,paragraphs/paragraph_000098.txt,train
1,0,0,0,0,0,1,paragraphs/paragraph_000099.txt,train
0,0,0,0,0,0,0,paragraphs/paragraph_000100.txt,train
1,0,0,0,0,0,1,paragraphs/paragraph_000101.txt,train
0,0,0,0,0,0,0,paragraphs/paragraph_000102.txt,test
0,1,0,0,0,0,1,paragraphs/paragraph_000103.txt,train
0,0,0,0,0,0,0,paragraphs/paragraph_000104.txt,train
0,1,0,0,0,1,1,paragraphs/paragraph_000105.txt,cal
0,0,0,0,0,0,0,paragraphs/paragraph_000106.txt,train
0,1,0,0,0,0,1,paragraphs/paragraph_000107.txt,train
0,0,0,0,0,0,0,paragraphs/paragraph_000108.txt,test
1,0,0,0,0,0,1,paragraphs/paragraph_000109.txt,train
0,0,0,0,0,0,0,paragraphs/paragraph_000110.txt,train
1,0,0,0,0,0,1,paragraphs/paragraph_000111.txt,train
0,0,0,0,0,0,0,paragraphs/paragraph_000112.txt,train
1,0,0,0,0,0,1,paragraphs/paragraph_000113.txt,cal
0,0,0,0,0,0,0,paragraphs/paragraph_000114.txt,cal
1,0,0,0,0,0,1,paragraphs/paragraph_000115.txt,test
0,0,0,0,0,0,0,paragraphs/paragraph_000116.txt,cal
0,1,0,0,0,0,1,paragraphs/paragraph_000117.txt,cal
0,0,0,0,0,0,0,paragraphs/paragraph_000118.txt,train
0,1,0,1,0,0,1,paragraphs/paragraph_000119.txt,cal
0,0,0,0,0,0,0,paragraphs/paragraph_000120.txt,train
1,0,0,0,0,0,1,paragraphs/paragraph_000121.txt,cal
0,0,0,0,0,0,0,paragraphs/paragraph_000122.txt,cal
1,0,0,0,0,0,1,paragraphs/paragraph_000123.txt,train
0,0,0,0,0,0,0,paragraphs/paragraph_000124.txt,train
1,0,0,0,0,0,1,paragraphs/paragraph_000125.txt,train
0,0,0,0,0,0,0,paragraphs/paragraph_000126.txt,train
0,1,0,0,0,0,1,paragraphs/paragraph_000127.txt,cal
0,0,0,0,0,0,0,paragraphs/paragraph_000128.txt,cal
0,1,0,0,0,0,1,paragraphs/paragraph_000129.txt,train
0,0,0,0,0,0,0,paragraphs/paragraph_000130.txt,train
1,0,0,0,0,0,1,paragraphs/paragraph_000131.txt,train
0,0,0,0,0,0,0,paragraphs/paragraph_000132.txt,train
1,0,0,0,0,0,1,paragraphs/paragraph_000133.txt,train
0,0,0,0,0,0,0,paragraphs/paragraph_000134.txt,train
1,0,0,1,0,0,1,paragraphs/paragraph_000135.txt,cal
0,0,0,0,0,0,0,paragraphs/paragraph_000136.txt,train
1,0,0,0,0,0,1,paragraphs/paragraph_000137.txt,train
0,0,0,0,0,0,0,paragraphs/paragraph_000138.txt,test
1,0,0,0,0,0,1,paragraphs/paragraph_000139.txt,train
0,0,0,0,0,0,0,paragraphs/paragraph_000140.txt,cal
1,0,0,0,0,0,1,paragraphs/paragraph_000141.txt,cal
0,0,0,0,0,0,0,paragraphs/paragraph_000142.txt,train
0,1,0,0,0,0,1,paragraphs/paragraph_000143.txt,train
0,0,0,0,0,0,0,paragraphs/paragraph_000144.txt,train
0,1,0,0,0,1,1,paragraphs/paragraph_000145.txt,train
0,0,0,0,0,0,0,paragraphs/paragraph_000146.txt,train
0,1,0,0,0,0,1,paragraphs/paragraph_000147.txt,test
0,0,0,0,0,0,0,paragraphs/paragraph_000148.txt,train
0,1,0,0,0,0,1,paragraphs/paragraph_000149.txt,train
0,0,0,0,0,0,0,paragraphs/paragraph_000150.txt,train
1,0,0,0,0,0,1,paragraphs/paragraph_000151.txt,cal
0,0,0,0,0,0,0,paragraphs/paragraph_000152.txt,train
1,0,0,0,0,0,1,paragraphs/paragraph_000153.txt,train
0,0,0,0,0,0,0,paragraphs/paragraph_000154.txt,train
0,1,0,1,0,0,1,paragraphs/paragraph_000155.txt,cal
0,0,0,0,0,0,0,paragraphs/paragraph_000156.txt,train
1,0,0,0,0,0,1,paragraphs/paragraph_000157.txt,test
0,0,0,0,0,0,0,paragraphs/paragraph_000158.txt,test
1,0,0,0,0,0,1,paragraphs/paragraph_000159.txt,train
0,0,0,0,0,0,0,paragraphs/paragraph_000160.txt,test
1,0,0,0,0,0,1,paragraphs/paragraph_000161.txt,train
0,0,0,0,0,0,0,paragraphs/paragraph_000162.txt,test
1,0,0,0,0,0,1,paragraphs/paragraph_000163.txt,test
0,0,0,0,0,0,0,paragraphs/paragraph_000164.txt,train
1,0,0,0,0,0,1,paragraphs/paragraph_000165.txt,train
0,0,0,0,0,0,0,paragraphs/paragraph_000166.txt,cal
1,0,1,0,0,0,1,paragraphs/paragraph_000167.txt,train
0,0,0,0,0,0,0,paragraphs/paragraph_000168.txt,train
1,0,0,0,0,0,1,paragraphs/paragraph_000169.txt,train
0,0,0,0,0,0,0,paragraphs/paragraph_000170.txt,train
0,1,0,0,0,0,1,paragraphs/paragraph_000171.txt,test
0,0,0,0,0,0,0,paragraphs/paragraph_000172.txt,train
1,0,0,0,0,0,1,paragraphs/paragraph_000173.txt,train
0,0,0,0,0,0,0,paragraphs/paragraph_000174.txt,train
1,0,0,0,0,0,1,paragraphs/paragraph_000175.txt,test
0,0,0,0,0,0,0,paragraphs/paragraph_000176.txt,train
1,0,0,0,0,0,1,paragraphs/paragraph_000177.txt,test
0,0,0,0,0,0,0,paragraphs/paragraph_000178.txt,train
1,0,0,0,0,0,1,paragraphs/paragraph_000179.txt,cal
0,0,0,0,0,0,0,paragraphs/paragraph_000180.txt,train
1,0,0,0,0,0,1,paragraphs/paragraph_000181.txt,train
0,0,0,0,0,0,0,paragraphs/paragraph_000182.txt,train
0,1,0,0,0,0,1,paragraphs/paragraph_000183.txt,cal
0,0,0,0,0,0,0,paragraphs/paragraph_000184.txt,cal
1,0,0,0,0,0,1,paragraphs/paragraph_000185.txt,train
0,0,0,0,0,0,0,paragraphs/paragraph_000186.txt,test
1,0,0,0,0,1,1,paragraphs/paragraph_000187.txt,cal
0,0,0,0,0,0,0,paragraphs/paragraph_000188.txt,train
0,1,0,0,0,0,1,paragraphs/paragraph_000189.txt,train
0,0,0,0,0,0,0,paragraphs/paragraph_000190.txt,train
1,0,0,0,0,0,1,paragraphs/paragraph_000191.txt,train
0,0,0,0,0,0,0,paragraphs/paragraph_000192.txt,cal
1,0,0,0,0,1,1,paragraphs/paragraph_000193.txt,cal
0,0,0,0,0,0,0,paragraphs/paragraph_000194.txt,test
1,0,0,0,0,0,1,paragraphs/paragraph_000195.txt,train
0,0,0,0,0,0,0,paragraphs/paragraph_000196.txt,train
0,1,0,0,0,0,1,paragraphs/paragraph_000197.txt,test
0,0,0,0,0,0,0,paragraphs/paragraph_000198.txt,cal
1,0,0,0,0,0,1,paragraphs/paragraph_000199.txt,cal
0,0,0,0,0,0,0,paragraphs/paragraph_000200.txt,test
0,1,0,0,0,0,1,paragraphs/paragraph_000201.txt,test
0,0,0,0,0,0,0,paragraphs/paragraph_000202.txt,train
1,0,0,0,0,0,1,paragraphs/paragraph_000203.txt,train
0,0,0,0,0,0,0,paragraphs/paragraph_000204.txt,cal
1,0,0,0,0,0,1,paragraphs/paragraph_000205.txt,test
0,0,0,0,0,0,0,paragraphs/paragraph_000206.txt,train
1,0,0,0,0,0,1,paragraphs/paragraph_000207.txt,train
0,0,0,0,0,0,0,paragraphs/paragraph_000208.txt,test
1,0,0,1,0,0,1,paragraphs/paragraph_000209.txt,train
0,0,0,0,0,0,0,paragraphs/paragraph_000210.txt,train
1,0,0,0,0,1,1,paragraphs/paragraph_000211.txt,train
0,0,0,0,0,0,0,paragraphs/paragraph_000212.txt,test
1,0,0,0,0,0,1,paragraphs/paragraph_000213.txt,test
0,0,0,0,0,0,0,paragraphs/paragraph_000214.txt,train
1,0,0,0,0,1,1,paragraphs/paragraph_000215.txt,test
0,0,0,0,0,0,0,paragraphs/paragraph_000216.txt,train
1,0,0,0,0,0,1,paragraphs/paragraph_000217.txt,train
0,0,0,0,0,0,0,paragraphs/paragraph_000218.txt,test
1,0,0,0,0,0,1,paragraphs/paragraph_000219.txt,test
0,0,0,0,0,0,0,paragraphs/paragraph_000220.txt,cal
1,0,0,0,0,0,1,paragraphs/paragraph_000221.txt,test
0,0,0,0,0,0,0,paragraphs/paragraph_000222.txt,train
1,0,0,0,0,0,1,paragraphs/paragraph_000223.txt,train
0,0,0,0,0,0,0,paragraphs/paragraph_000224.txt,train
1,0,0,0,0,0,1,paragraphs/paragraph_000225.txt,train
0,0,0,0,0,0,0,paragraphs/paragraph_000226.txt,train
0,1,0,0,0,0,1,paragraphs/paragraph_000227.txt,cal
0,0,0,0,0,0,0,paragraphs/paragraph_000228.txt,train
1,0,0,0,0,0,1,paragraphs/paragraph_000229.txt,cal
0,0,0,0,0,0,0,paragraphs/paragraph_000230.txt,test
1,0,0,0,0,0,1,paragraphs/paragraph_000231.txt,test
0,0,0,0,0,0,0,paragraphs/paragraph_000232.txt,train
1,0,0,0,0,0,1,paragraphs/paragraph_000233.txt,train
0,0,0,0,0,0,0,paragraphs/paragraph_000234.txt,train
0,1,0,0,0,0,1,paragraphs/paragraph_000235.txt,train
0,0,0,0,0,0,0,paragraphs/paragraph_000236.txt,test
1,0,0,0,0,0,1,paragraphs/paragraph_000237.txt,train
0,0,0,0,0,0,0,paragraphs/paragraph_000238.txt,train
1,0,0,0,0,0,1,paragraphs/paragraph_000239.txt,test
0,0,0,0,0,0,0,paragraphs/paragraph_000240.txt,train
1,0,0,0,0,0,1,paragraphs/paragraph_000241.txt,cal
0,0,0,0,0,0,0,paragraphs/paragraph_000242.txt,cal
1,0,0,0,0,0,1,paragraphs/paragraph_000243.txt,cal
0,0,0,0,0,0,0,paragraphs/paragraph_000244.txt,train
1,0,0,0,0,0,1,paragraphs/paragraph_000245.txt,train
0,0,0,0,0,0,0,paragraphs/paragraph_000246.txt,cal
1,0,0,0,0,0,1,paragraphs/paragraph_000247.txt,train
0,0,0,0,0,0,0,paragraphs/paragraph_000248.txt,cal
1,0,0,0,0,1,1,paragraphs/paragraph_000249.txt,cal
0,0,0,0,0,0,0,paragraphs/paragraph_000250.txt,cal
1,0,0,0,0,0,1,paragraphs/paragraph_000251.txt,train
0,0,0,0,0,0,0,paragraphs/paragraph_000252.txt,train
1,0,0,0,0,0,1,paragraphs/paragraph_000253.txt,cal
0,0,0,0,0,0,0,paragraphs/paragraph_000254.txt,train
1,0,0,0,0,0,1,paragraphs/paragraph_000255.txt,train
0,0,0,0,0,0,0,paragraphs/paragraph_000256.txt,train
1,0,0,0,0,0,1,paragraphs/paragraph_000257.txt,cal
0,0,0,0,0,0,0,paragraphs/paragraph_000258.txt,test
1,0,0,0,0,0,1,paragraphs/paragraph_000259.txt,train
0,0,0,0,0,0,0,paragraphs/paragraph_000260.txt,train
0,1,0,0,0,1,1,paragraphs/paragraph_000261.txt,test
0,0,0,0,0,0,0,paragraphs/paragraph_000262.txt,cal
0,1,0,0,0,0,1,paragraphs/paragraph_000263.txt,train
0,0,0,0,0,0,0,paragraphs/paragraph_000264.txt,train
1,0,0,0,0,0,1,paragraphs/paragraph_000265.txt,cal
0,0,0,0,0,0,0,paragraphs/paragraph_000266.txt,test
1,0,0,0,0,0,1,paragraphs/paragraph_000267.txt,test
0,0,0,0,0,0,0,paragraphs/paragraph_000268.txt,test
1,0,0,0,0,0,1,paragraphs/paragraph_000269.txt,train
0,0,0,0,0,0,0,paragraphs/paragraph_000270.txt,train
1,0,0,0,0,1,1,paragraphs/paragraph_000271.txt,cal
0,0,0,0,0,0,0,paragraphs/paragraph_000272.txt,cal
1,0,0,0,0,0,1,paragraphs/paragraph_000273.txt,cal
0,0,0,0,0,0,0,paragraphs/paragraph_000274.txt,cal
1,0,0,0,0,0,1,paragraphs/paragraph_000275.txt,train
0,0,0,0,0,0,0,paragraphs/paragraph_000276.txt,train
1,0,0,0,0,1,1,paragraphs/paragraph_000277.txt,test
0,0,0,0,0,0,0,paragraphs/paragraph_000278.txt,test
1,0,0,0,0,0,1,paragraphs/paragraph_000279.txt,test
0,0,0,0,0,0,0,paragraphs/paragraph_000280.txt,test
1,0,0,0,0,0,1,paragraphs/paragraph_000281.txt,cal
0,0,0,0,0,0,0,paragraphs/paragraph_000282.txt,train
0,1,0,0,0,0,1,paragraphs/paragraph_000283.txt,train
0,0,0,0,0,0,0,paragraphs/paragraph_000284.txt,train
1,0,0,0,0,0,1,paragraphs/paragraph_000285.txt,train
0,0,0,0,0,0,0,paragraphs/paragraph_000286.txt,train
1,0,0,0,0,0,1,paragraphs/paragraph_000287.txt,train
0,0,0,0,0,0,0,paragraphs/paragraph_000288.txt,train
1,0,0,0,0,0,1,paragraphs/paragraph_000289.txt,train
0,0,0,0,0,0,0,paragraphs/paragraph_000290.txt,train
1,0,0,0,0,1,1,paragraphs/paragraph_000291.txt,train
0,0,0,0,0,0,0,paragraphs/paragraph_000292.txt,train
1,0,0,0,0,0,1,paragraphs/paragraph_000293.txt,cal
0,0,0,0,0,0,0,paragraphs/paragraph_000294.txt,train
0,1,1,0,0,0,1,paragraphs/paragraph_000295.txt,train
0,0,0,0,0,0,0,paragraphs/paragraph_000296.txt,train
0,1,0,0,0,0,1,paragraphs/paragraph_000297.txt,test
0,0,0,0,0,0,0,paragraphs/paragraph_000298.txt,train
0,1,0,0,0,0,1,paragraphs/paragraph_000299.txt,test
0,0,0,0,0,0,0,paragraphs/paragraph_000300.txt,train
1,0,0,0,0,0,1,paragraphs/paragraph_000301.txt,train
0,0,0,0,0,0,0,paragraphs/paragraph_000302.txt,train
1,0,0,0,0,1,1,paragraphs/paragraph_000303.txt,train
0,0,0,0,0,0,0,paragraphs/paragraph_000304.txt,test
1,0,0,0,0,1,1,paragraphs/paragraph_000305.txt,test
0,0,0,0,0,0,0,paragraphs/paragraph_000306.txt,cal
0,1,0,0,0,0,1,paragraphs/paragraph_000307.txt,train
0,0,0,0,0,0,0,paragraphs/paragraph_000308.txt,train
1,0,0,0,0,0,1,paragraphs/paragraph_000309.txt,test
0,0,0,0,0,0,0,paragraphs/paragraph_000310.txt,train
0,1,0,0,0,0,1,paragraphs/paragraph_000311.txt,train
0,0,0,0,0,0,0,paragraphs/paragraph_000312.txt,train
1,0,0,0,0,0,1,paragraphs/paragraph_000313.txt,train
0,0,0,0,0,0,0,paragraphs/paragraph_000314.txt,cal
1,0,0,0,0,0,1,paragraphs/paragraph_000315.txt,cal
0,0,0,0,0,0,0,paragraphs/paragraph_000316.txt,test
0,1,0,0,0,0,1,paragraphs/paragraph_000317.txt,train
0,0,0,0,0,0,0,paragraphs/paragraph_000318.txt,train
0,1,0,0,0,0,1,paragraphs/paragraph_000319.txt,train
0,0,0,0,0,0,0,paragraphs/paragraph_000320.txt,train
1,0,0,0,0,0,1,paragraphs/paragraph_000321.txt,train
0,0,0,0,0,0,0,paragraphs/paragraph_000322.txt,test
1,0,0,0,0,0,1,paragraphs/paragraph_000323.txt,test
0,0,0,0,0,0,0,paragraphs/paragraph_000324.txt,train
0,1,0,0,0,0,1,paragraphs/paragraph_000325.txt,cal
0,0,0,0,0,0,0,paragraphs/paragraph_000326.txt,test
0,1,0,0,0,0,1,paragraphs/paragraph_000327.txt,train
0,0,0,0,0,0,0,paragraphs/paragraph_000328.txt,test
1,0,0,0,0,0,1,paragraphs/paragraph_000329.txt,train
0,0,0,0,0,0,0,paragraphs/paragraph_000330.txt,train
1,0,0,0,0,0,1,paragraphs/paragraph_000331.txt,train
0,0,0,0,0,0,0,paragraphs/paragraph_000332.txt,test
1,0,0,0,0,0,1,paragraphs/paragraph_000333.txt,train
0,0,0,0,0,0,0,paragraphs/paragraph_000334.txt,train
1,0,0,0,0,0,1,paragraphs/paragraph_000335.txt,train
0,0,0,0,0,0,0,paragraphs/paragraph_000336.txt,train
0,1,0,0,0,0,1,paragraphs/paragraph_000337.txt,cal
0,0,0,0,0,0,0,paragraphs/paragraph_000338.txt,test
1,0,0,0,0,0,1,paragraphs/paragraph_000339.txt,train
0,0,0,0,0,0,0,paragraphs/paragraph_000340.txt,train
1,0,0,0,0,0,1,paragraphs/paragraph_000341.txt,train
0,0,0,0,0,0,0,paragraphs/paragraph_000342.txt,train
1,0,0,0,0,1,1,paragraphs/paragraph_000343.txt,train
0,0,0,0,0,0,0,paragraphs/paragraph_000344.txt,train
1,0,0,0,0,0,1,paragraphs/paragraph_000345.txt,train
0,0,0,0,0,0,0,paragraphs/paragraph_000346.txt,test
1,0,0,0,0,1,1,paragraphs/paragraph_000347.txt,test
0,0,0,0,0,0,0,paragraphs/paragraph_000348.txt,train
0,1,0,0,0,0,1,paragraphs/paragraph_000349.txt,train
0,0,0,0,0,0,0,paragraphs/paragraph_000350.txt,test
1,0,0,0,0,0,1,paragraphs/paragraph_000351.txt,train
0,0,0,0,0,0,0,paragraphs/paragraph_000352.txt,cal
1,0,0,0,1,0,1,paragraphs/paragraph_000353.txt,test
0,0,0,0,0,0,0,paragraphs/paragraph_000354.txt,train
1,0,0,0,0,0,1,paragraphs/paragraph_000355.txt,train
0,0,0,0,0,0,0,paragraphs/paragraph_000356.txt,test
1,0,0,0,0,0,1,paragraphs/paragraph_000357.txt,train
0,0,0,0,0,0,0,paragraphs/paragraph_000358.txt,train
0,1,0,0,0,0,1,paragraphs/paragraph_000359.txt,cal
0,0,0,0,0,0,0,paragraphs/paragraph_000360.txt,train
1,0,0,0,0,0,1,paragraphs/paragraph_000361.txt,train
0,0,0,0,0,0,0,paragraphs/paragraph_000362.txt,test
0,1,0,0,0,1,1,paragraphs/paragraph_000363.txt,train
0,0,0,0,0,0,0,paragraphs/paragraph_000364.txt,train
0,1,0,0,0,0,1,paragraphs/paragraph_000365.txt,cal
0,0,0,0,0,0,0,paragraphs/paragraph_000366.txt,train
1,0,0,0,0,0,1,paragraphs/paragraph_000367.txt,cal
0,0,0,0,0,0,0,paragraphs/paragraph_000368.txt,cal
1,0,0,0,0,0,1,paragraphs/paragraph_000369.txt,train
0,0,0,0,0,0,0,paragraphs/paragraph_000370.txt,train
1,0,0,0,0,0,1,paragraphs/paragraph_000371.txt,train
0,0,0,0,0,0,0,paragraphs/paragraph_000372.txt,train
0,1,0,0,0,1,1,paragraphs/paragraph_000373.txt,train
0,0,0,0,0,0,0,paragraphs/paragraph_000374.txt,test
1,0,0,0,0,0,1,paragraphs/paragraph_000375.txt,train
0,0,0,0,0,0,0,paragraphs/paragraph_000376.txt,train
1,0,0,0,0,1,1,paragraphs/paragraph_000377.txt,cal
0,0,0,0,0,0,0,paragraphs/paragraph_000378.txt,train
1,0,0,0,0,0,1,paragraphs/paragraph_000379.txt,cal
0,0,0,0,0,0,0,paragraphs/paragraph_000380.txt,train
1,0,0,0,0,0,1,paragraphs/paragraph_000381.txt,train
0,0,0,0,0,0,0,paragraphs/paragraph_000382.txt,test
1,0,0,0,0,0,1,paragraphs/paragraph_000383.txt,test
0,0,0,0,0,0,0,paragraphs/paragraph_000384.txt,cal
1,0,0,0,0,1,1,paragraphs/paragraph_000385.txt,test
0,0,0,0,0,0,0,paragraphs/paragraph_000386.txt,cal
1,0,0,0,0,0,1,paragraphs/paragraph_000387.txt,train
0,0,0,0,0,0,0,paragraphs/paragraph_000388.txt,train
1,0,0,0,0,0,1,paragraphs/paragraph_000389.txt,test
0,0,0,0,0,0,0,paragraphs/paragraph_000390.txt,cal
1,0,0,0,0,0,1,paragraphs/paragraph_000391.txt,cal
0,0,0,0,0,0,0,paragraphs/paragraph_000392.txt,train
1,0,0,0,0,0,1,paragraphs/paragraph_000393.txt,train
0,0,0,0,0,0,0,paragraphs/paragraph_000394.txt,test
1,0,0,0,0,0,1,paragraphs/paragraph_000395.txt,train
0,0,0,0,0,0,0,paragraphs/paragraph_000396.txt,cal
0,1,0,0,0,1,1,paragraphs/paragraph_000397.txt,cal
0,0,0,0,0,0,0,paragraphs/paragraph_000398.txt,train
1,0,0,0,0,0,1,paragraphs/paragraph_000399.txt,test
0,0,0,0,0,0,0,paragraphs/paragraph_000400.txt,test
1,0,0,0,0,0,1,paragraphs/paragraph_000401.txt,train
0,0,0,0,0,0,0,paragraphs/paragraph_000402.txt,cal
0,1,0,0,0,0,1,paragraphs/paragraph_000403.txt,train
0,0,0,0,0,0,0,paragraphs/paragraph_000404.txt,cal
1,0,0,0,0,1,1,paragraphs/paragraph_000405.txt,train
0,0,0,0,0,0,0,paragraphs/paragraph_000406.txt,cal
1,0,0,0,0,0,1,paragraphs/paragraph_000407.txt,train
0,0,0,0,0,0,0,paragraphs/paragraph_000408.txt,train
1,0,0,0,0,0,1,paragraphs/paragraph_000409.txt,cal
0,0,0,0,0,0,0,paragraphs/paragraph_000410.txt,train
1,0,0,0,0,0,1,paragraphs/paragraph_000411.txt,train
0,0,0,0,0,0,0,paragraphs/paragraph_000412.txt,cal
1,0,0,0,0,1,1,paragraphs/paragraph_000413.txt,cal
0,0,0,0,0,0,0,paragraphs/paragraph_000414.txt,train
0,1,0,0,0,1,1,paragraphs/paragraph_000415.txt,test
0,0,0,0,0,0,0,paragraphs/paragraph_000416.txt,train
1,0,0,0,0,0,1,paragraphs/paragraph_000417.txt,train
0,0,0,0,0,0,0,paragraphs/paragraph_000418.txt,train
1,0,0,0,0,0,1,paragraphs/paragraph_000419.txt,test
0,0,0,0,0,0,0,paragraphs/paragraph_000420.txt,test
1,0,0,0,0,0,1,paragraphs/paragraph_000421.txt,test
0,0,0,0,0,0,0,paragraphs/paragraph_000422.txt,test
1,0,0,0,0,0,1,paragraphs/paragraph_000423.txt,train
0,0,0,0,0,0,0,paragraphs/paragraph_000424.txt,train
1,0,0,0,0,0,1,paragraphs/paragraph_000425.txt,train
0,0,0,0,0,0,0,paragraphs/paragraph_000426.txt,train
1,0,0,0,0,0,1,paragraphs/paragraph_000427.txt,train
0,0,0,0,0,0,0,paragraphs/paragraph_000428.txt,cal
1,0,0,0,0,1,1,paragraphs/paragraph_000429.txt,train
0,0,0,0,0,0,0,paragraphs/paragraph_000430.txt,train
1,0,0,0,0,0,1,paragraphs/paragraph_000431.txt,train
0,0,0,0,0,0,0,paragraphs/paragraph_000432.txt,test
0,1,0,0,0,0,1,paragraphs/paragraph_000433.txt,test
0,0,0,0,0,0,0,paragraphs/paragraph_000434.txt,train
1,0,0,0,0,0,1,paragraphs/paragraph_000435.txt,train
0,0,0,0,0,0,0,paragraphs/paragraph_000436.txt,test
0,1,0,0,0,0,1,paragraphs/paragraph_000437.txt,train
0,0,0,0,0,0,0,paragraphs/paragraph_000438.txt,cal
1,0,0,0,0,0,1,paragraphs/paragraph_000439.txt,test
0,0,0,0,0,0,0,paragraphs/paragraph_000440.txt,train
1,0,0,0,0,0,1,paragraphs/paragraph_000441.txt,train
0,0,0,0,0,0,0,paragraphs/paragraph_000442.txt,cal
1,0,0,0,0,0,1,paragraphs/paragraph_000443.txt,train
0,0,0,0,0,0,0,paragraphs/paragraph_000444.txt,train
0,1,0,0,0,0,1,paragraphs/paragraph_000445.txt,cal
0,0,0,0,0,0,0,paragraphs/paragraph_000446.txt,cal
1,0,0,0,0,0,1,paragraphs/paragraph_000447.txt,cal
0,0,0,0,0,0,0,paragraphs/paragraph_000448.txt,test
0,1,0,0,0,0,1,paragraphs/paragraph_000449.txt,train
0,0,0,0,0,0,0,paragraphs/paragraph_000450.txt,train
1,0,0,0,0,0,1,paragraphs/paragraph_000451.txt,test
0,0,0,0,0,0,0,paragraphs/paragraph_000452.txt,train
1,0,0,0,0,1,1,paragraphs/paragraph_000453.txt,train
0,0,0,0,0,0,0,paragraphs/paragraph_000454.txt,cal
1,0,0,0,0,0,1,paragraphs/paragraph_000455.txt,train
0,0,0,0,0,0,0,paragraphs/paragraph_000456.txt,train
1,0,0,0,0,0,1,paragraphs/paragraph_000457.txt,train
0,0,0,0,0,0,0,paragraphs/paragraph_000458.txt,train
1,0,0,0,0,0,1,paragraphs/paragraph_000459.txt,train
0,0,0,0,0,0,0,paragraphs/paragraph_000460.txt,train
1,0,1,0,0,0,1,paragraphs/paragraph_000461.txt,train
0,0,0,0,0,0,0,paragraphs/paragraph_000462.txt,test
1,0,0,0,0,0,1,paragraphs/paragraph_000463.txt,test
0,0,0,0,0,0,0,paragraphs/paragraph_000464.txt,train
1,0,0,0,0,0,1,paragraphs/paragraph_000465.txt,cal
0,0,0,0,0,0,0,paragraphs/paragraph_000466.txt,train
1,0,0,0,0,0,1,paragraphs/paragraph_000467.txt,train
0,0,0,0,0,0,0,paragraphs/paragraph_000468.txt,cal
1,0,0,0,0,0,1,paragraphs/paragraph_000469.txt,train
0,0,0,0,0,0,0,paragraphs/paragraph_000470.txt,cal
1,0,0,0,1,0,1,paragraphs/paragraph_000471.txt,train
0,0,0,0,0,0,0,paragraphs/paragraph_000472.txt,cal
1,0,0,0,0,0,1,paragraphs/paragraph_000473.txt,train
0,0,0,0,0,0,0,paragraphs/paragraph_000474.txt,cal
1,0,0,0,0,0,1,paragraphs/paragraph_000475.txt,train
0,0,0,0,0,0,0,paragraphs/paragraph_000476.txt,cal
0,1,0,0,0,0,1,paragraphs/paragraph_000477.txt,train
0,0,0,0,0,0,0,paragraphs/paragraph_000478.txt,train
1,0,0,0,0,0,1,paragraphs/paragraph_000479.txt,cal
0,0,0,0,0,0,0,paragraphs/paragraph_000480.txt,train
0,1,0,0,0,0,1,paragraphs/paragraph_000481.txt,test
0,0,0,0,0,0,0,paragraphs/paragraph_000482.txt,test
1,0,0,0,0,0,1,paragraphs/paragraph_000483.txt,train
0,0,0,0,0,0,0,paragraphs/paragraph_000484.txt,test
1,0,0,0,0,1,1,paragraphs/paragraph_000485.txt,train
0,0,0,0,0,0,0,paragraphs/paragraph_000486.txt,cal
1,0,0,0,0,0,1,paragraphs/paragraph_000487.txt,train
0,0,0,0,0,0,0,paragraphs/paragraph_000488.txt,train
1,0,0,0,0,0,1,paragraphs/paragraph_000489.txt,cal
0,0,0,0,0,0,0,paragraphs/paragraph_000490.txt,cal
1,0,0,0,0,0,1,paragraphs/paragraph_000491.txt,train
0,0,0,0,0,0,0,paragraphs/paragraph_000492.txt,test
1,0,0,0,0,0,1,paragraphs/paragraph_000493.txt,train
0,0,0,0,0,0,0,paragraphs/paragraph_000494.txt,train
1,0,0,0,0,0,1,paragraphs/paragraph_000495.txt,train
0,0,0,0,0,0,0,paragraphs/paragraph_000496.txt,train
1,0,0,0,0,0,1,paragraphs/paragraph_000497.txt,train
0,0,0,0,0,0,0,paragraphs/paragraph_000498.txt,train
1,0,0,0,0,0,1,paragraphs/paragraph_000499.txt,cal
0,0,0,0,0,0,0,paragraphs/paragraph_000500.txt,cal
1,0,0,0,0,0,1,paragraphs/paragraph_000501.txt,test
0,0,0,0,0,0,0,paragraphs/paragraph_000502.txt,train
1,0,0,0,0,0,1,paragraphs/paragraph_000503.txt,train
0,0,0,0,0,0,0,paragraphs/paragraph_000504.txt,cal
1,0,0,0,0,0,1,paragraphs/paragraph_000505.txt,test
0,0,0,0,0,0,0,paragraphs/paragraph_000506.txt,train
1,0,0,0,0,0,1,paragraphs/paragraph_000507.txt,cal
0,0,0,0,0,0,0,paragraphs/paragraph_000508.txt,cal
1,0,0,0,0,0,1,paragraphs/paragraph_000509.txt,cal
0,0,0,0,0,0,0,paragraphs/paragraph_000510.txt,test
1,0,0,0,0,0,1,paragraphs/paragraph_000511.txt,test
0,0,0,0,0,0,0,paragraphs/paragraph_000512.txt,train
1,0,0,0,0,1,1,paragraphs/paragraph_000513.txt,cal
0,0,0,0,0,0,0,paragraphs/paragraph_000514.txt,cal
1,0,0,0,1,0,1,paragraphs/paragraph_000515.txt,train
0,0,0,0,0,0,0,paragraphs/paragraph_000516.txt,train
1,0,0,0,0,0,1,paragraphs/paragraph_000517.txt,train
0,0,0,0,0,0,0,paragraphs/paragraph_000518.txt,cal
0,1,0,0,0,0,1,paragraphs/paragraph_000519.txt,cal
0,0,0,0,0,0,0,paragraphs/paragraph_000520.txt,train
1,0,0,0,0,0,1,paragraphs/paragraph_000521.txt,train
0,0,0,0,0,0,0,paragraphs/paragraph_000522.txt,train
1,0,0,0,0,0,1,paragraphs/paragraph_000523.txt,cal
0,0,0,0,0,0,0,paragraphs/paragraph_000524.txt,cal
1,0,0,0,0,0,1,paragraphs/paragraph_000525.txt,cal
0,0,0,0,0,0,0,paragraphs/paragraph_000526.txt,train
1,0,0,1,0,0,1,paragraphs/paragraph_000527.txt,train
0,0,0,0,0,0,0,paragraphs/paragraph_000528.txt,train
1,0,0,0,0,0,1,paragraphs/paragraph_000529.txt,train
0,0,0,0,0,0,0,paragraphs/paragraph_000530.txt,cal
1,0,0,0,0,0,1,paragraphs/paragraph_000531.txt,cal
0,0,0,0,0,0,0,paragraphs/paragraph_000532.txt,cal
1,0,0,0,0,0,1,paragraphs/paragraph_000533.txt,cal
0,0,0,0,0,0,0,paragraphs/paragraph_000534.txt,train
1,0,0,0,0,0,1,paragraphs/paragraph_000535.txt,test
0,0,0,0,0,0,0,paragraphs/paragraph_000536.txt,cal
1,0,0,0,0,0,1,paragraphs/paragraph_000537.txt,cal
0,0,0,0,0,0,0,paragraphs/paragraph_000538.txt,train
1,0,0,0,0,0,1,paragraphs/paragraph_000539.txt,train
0,0,0,0,0,0,0,paragraphs/paragraph_000540.txt,train
1,0,0,0,0,0,1,paragraphs/paragraph_000541.txt,cal
0,0,0,0,0,0,0,paragraphs/paragraph_000542.txt,test
1,0,0,0,0,0,1,paragraphs/paragraph_000543.txt,train
0,0,0,0,0,0,0,paragraphs/paragraph_000544.txt,test
1,0,0,0,0,0,1,paragraphs/paragraph_000545.txt,test
0,0,0,0,0,0,0,paragraphs/paragraph_000546.txt,train
1,0,0,0,0,0,1,paragraphs/paragraph_000547.txt,train
0,0,0,0,0,0,0,paragraphs/paragraph_000548.txt,test
1,0,0,0,0,0,1,paragraphs/paragraph_000549.txt,train
0,0,0,0,0,0,0,paragraphs/paragraph_000550.txt,test
1,0,0,0,0,0,1,paragraphs/paragraph_000551.txt,train
0,0,0,0,0,0,0,paragraphs/paragraph_000552.txt,cal
1,0,0,0,0,0,1,paragraphs/paragraph_000553.txt,train
0,0,0,0,0,0,0,paragraphs/paragraph_000554.txt,train
1,0,0,0,0,0,1,paragraphs/paragraph_000555.txt,cal
0,0,0,0,0,0,0,paragraphs/paragraph_000556.txt,train
1,0,0,0,0,0,1,paragraphs/paragraph_000557.txt,train
0,0,0,0,0,0,0,paragraphs/paragraph_000558.txt,train
1,0,0,0,0,0,1,paragraphs/paragraph_000559.txt,test
0,0,0,0,0,0,0,paragraphs/paragraph_000560.txt,test
1,0,0,0,1,0,1,paragraphs/paragraph_000561.txt,test
0,0,0,0,0,0,0,paragraphs/paragraph_000562.txt,train
1,0,0,0,0,0,1,paragraphs/paragraph_000563.txt,train
0,0,0,0,0,0,0,paragraphs/paragraph_000564.txt,train
1,0,0,0,0,0,1,paragraphs/paragraph_000565.txt,train
0,0,0,0,0,0,0,paragraphs/paragraph_000566.txt,train
1,0,0,0,0,0,1,paragraphs/paragraph_000567.txt,train
0,0,0,0,0,0,0,paragraphs/paragraph_000568.txt,train
1,0,0,0,0,0,1,paragraphs/paragraph_000569.txt,cal
0,0,0,0,0,0,0,paragraphs/paragraph_000570.txt,train
1,0,0,0,0,0,1,paragraphs/paragraph_000571.txt,train
0,0,0,0,0,0,0,paragraphs/paragraph_000572.txt,test
1,0,0,0,0,0,1,paragraphs/paragraph_000573.txt,train
0,0,0,0,0,0,0,paragraphs/paragraph_000574.txt,test
0,1,0,0,0,0,1,paragraphs/paragraph_000575.txt,cal
0,0,0,0,0,0,0,paragraphs/paragraph_000576.txt,cal
1,0,0,0,0,0,1,paragraphs/paragraph_000577.txt,train
0,0,0,0,0,0,0,paragraphs/paragraph_000578.txt,cal
1,0,0,0,1,0,1,paragraphs/paragraph_000579.txt,train
0,0,0,0,0,0,0,paragraphs/paragraph_000580.txt,train
1,0,0,0,0,0,1,paragraphs/paragraph_000581.txt,train
0,0,0,0,0,0,0,paragraphs/paragraph_000582.txt,cal
1,0,0,0,0,0,1,paragraphs/paragraph_000583.txt,train
0,0,0,0,0,0,0,paragraphs/paragraph_000584.txt,train
1,0,0,0,0,0,1,paragraphs/paragraph_000585.txt,test
0,0,0,0,0,0,0,paragraphs/paragraph_000586.txt,train
1,0,0,0,0,0,1,paragraphs/paragraph_000587.txt,train
0,0,0,0,0,0,0,paragraphs/paragraph_000588.txt,train
1,0,0,0,0,1,1,paragraphs/paragraph_000589.txt,train
0,0,0,0,0,0,0,paragraphs/paragraph_000590.txt,train
1,0,0,0,0,0,1,paragraphs/paragraph_000591.txt,train
0,0,0,0,0,0,0,paragraphs/paragraph_000592.txt,test
1,0,0,0,0,0,1,paragraphs/paragraph_000593.txt,train
0,0,0,0,0,0,0,paragraphs/paragraph_000594.txt,train
0,1,0,0,0,0,1,paragraphs/paragraph_000595.txt,cal
0,0,0,0,0,0,0,paragraphs/paragraph_000596.txt,train
1,0,0,0,0,0,1,paragraphs/paragraph_000597.txt,test
0,0,0,0,0,0,0,paragraphs/paragraph_000598.txt,train
1,0,0,0,0,1,1,paragraphs/paragraph_000599.txt,train
0,0,0,0,0,0,0,paragraphs/paragraph_000600.txt,train
1,0,0,0,0,1,1,paragraphs/paragraph_000601.txt,train
0,0,0,0,0,0,0,paragraphs/paragraph_000602.txt,train
1,0,0,0,0,1,1,paragraphs/paragraph_000603.txt,train
0,0,0,0,0,0,0,paragraphs/paragraph_000604.txt,train
1,0,0,0,0,0,1,paragraphs/paragraph_000605.txt,train
0,0,0,0,0,0,0,paragraphs/paragraph_000606.txt,train
1,0,0,0,0,0,1,paragraphs/paragraph_000607.txt,train
0,0,0,0,0,0,0,paragraphs/paragraph_000608.txt,train
1,0,0,0,0,0,1,paragraphs/paragraph_000609.txt,train
0,0,0,0,0,0,0,paragraphs/paragraph_000610.txt,test
1,0,0,0,0,1,1,paragraphs/paragraph_000611.txt,train
0,0,0,0,0,0,0,paragraphs/paragraph_000612.txt,test
1,0,0,0,0,0,1,paragraphs/paragraph_000613.txt,test
0,0,0,0,0,0,0,paragraphs/paragraph_000614.txt,train
1,0,0,0,0,0,1,paragraphs/paragraph_000615.txt,cal
0,0,0,0,0,0,0,paragraphs/paragraph_000616.txt,cal
1,0,0,0,0,0,1,paragraphs/paragraph_000617.txt,train
0,0,0,0,0,0,0,paragraphs/paragraph_000618.txt,train
1,0,0,0,0,0,1,paragraphs/paragraph_000619.txt,cal
0,0,0,0,0,0,0,paragraphs/paragraph_000620.txt,test
1,0,0,0,0,0,1,paragraphs/paragraph_000621.txt,train
0,0,0,0,0,0,0,paragraphs/paragraph_000622.txt,train
1,0,0,0,0,0,1,paragraphs/paragraph_000623.txt,train
0,0,0,0,0,0,0,paragraphs/paragraph_000624.txt,train
1,0,0,0,0,0,1,paragraphs/paragraph_000625.txt,test
0,0,0,0,0,0,0,paragraphs/paragraph_000626.txt,train
1,0,0,0,0,1,1,paragraphs/paragraph_000627.txt,train
0,0,0,0,0,0,0,paragraphs/paragraph_000628.txt,test
1,0,0,0,0,0,1,paragraphs/paragraph_000629.txt,train
0,0,0,0,0,0,0,paragraphs/paragraph_000630.txt,train
1,0,0,0,0,0,1,paragraphs/paragraph_000631.txt,test
0,0,0,0,0,0,0,paragraphs/paragraph_000632.txt,cal
0,1,0,0,0,0,1,paragraphs/paragraph_000633.txt,train
0,0,0,0,0,0,0,paragraphs/paragraph_000634.txt,train
1,0,0,0,0,0,1,paragraphs/paragraph_000635.txt,train
0,0,0,0,0,0,0,paragraphs/paragraph_000636.txt,train
1,0,0,0,0,0,1,paragraphs/paragraph_000637.txt,train
0,0,0,0,0,0,0,paragraphs/paragraph_000638.txt,train
1,0,0,0,0,1,1,paragraphs/paragraph_000639.txt,train
0,0,0,0,0,0,0,paragraphs/paragraph_000640.txt,train
1,0,0,0,0,1,1,paragraphs/paragraph_000641.txt,train
0,0,0,0,0,0,0,paragraphs/paragraph_000642.txt,train
1,0,0,0,0,0,1,paragraphs/paragraph_000643.txt,train
0,0,0,0,0,0,0,paragraphs/paragraph_000644.txt,train
1,0,0,0,0,0,1,paragraphs/paragraph_000645.txt,train
0,0,0,0,0,0,0,paragraphs/paragraph_000646.txt,cal
1,0,0,0,0,0,1,paragraphs/paragraph_000647.txt,train
0,0,0,0,0,0,0,paragraphs/paragraph_000648.txt,test
1,0,0,0,0,0,1,paragraphs/paragraph_000649.txt,test
0,0,0,0,0,0,0,paragraphs/paragraph_000650.txt,train
0,1,0,0,0,0,1,paragraphs/paragraph_000651.txt,train
0,0,0,0,0,0,0,paragraphs/paragraph_000652.txt,train
1,0,0,0,0,0,1,paragraphs/paragraph_000653.txt,train
0,0,0,0,0,0,0,paragraphs/paragraph_000654.txt,test
1,0,0,0,0,0,1,paragraphs/paragraph_000655.txt,train
0,0,0,0,0,0,0,paragraphs/paragraph_000656.txt,train
1,0,0,0,0,0,1,paragraphs/paragraph_000657.txt,train
0,0,0,0,0,0,0,paragraphs/paragraph_000658.txt,train
1,0,0,0,0,0,1,paragraphs/paragraph_000659.txt,test
0,0,0,0,0,0,0,paragraphs/paragraph_000660.txt,train
1,0,0,0,0,0,1,paragraphs/paragraph_000661.txt,train
0,0,0,0,0,0,0,paragraphs/paragraph_000662.txt,cal
1,0,0,0,0,1,1,paragraphs/paragraph_000663.txt,test
0,0,0,0,0,0,0,paragraphs/paragraph_000664.txt,train
1,0,0,0,0,0,1,paragraphs/paragraph_000665.txt,train
0,0,0,0,0,0,0,paragraphs/paragraph_000666.txt,train
1,0,0,0,0,1,1,paragraphs/paragraph_000667.txt,train
0,0,0,0,0,0,0,paragraphs/paragraph_000668.txt,train
0,1,0,0,0,0,1,paragraphs/paragraph_000669.txt,train
0,0,0,0,0,0,0,paragraphs/paragraph_000670.txt,train
0,1,0,0,0,0,1,paragraphs/paragraph_000671.txt,train
0,0,0,0,0,0,0,paragraphs/paragraph_000672.txt,cal
1,0,0,0,0,0,1,paragraphs/paragraph_000673.txt,train
0,0,0,0,0,0,0,paragraphs/paragraph_000674.txt,train
1,0,0,0,0,0,1,paragraphs/paragraph_000675.txt,train
0,0,0,0,0,0,0,paragraphs/paragraph_000676.txt,cal
1,0,0,0,0,0,1,paragraphs/paragraph_000677.txt,train
0,0,0,0,0,0,0,paragraphs/paragraph_000678.txt,train
1,0,0,0,0,0,1,paragraphs/paragraph_000679.txt,cal
0,0,0,0,0,0,0,paragraphs/paragraph_000680.txt,cal
0,1,0,0,0,0,1,paragraphs/paragraph_000681.txt,cal
0,0,0,0,0,0,0,paragraphs/paragraph_000682.txt,train
1,0,0,0,0,0,1,paragraphs/paragraph_000683.txt,train
0,0,0,0,0,0,0,paragraphs/paragraph_000684.txt,test
1,0,0,0,0,0,1,paragraphs/paragraph_000685.txt,cal
0,0,0,0,0,0,0,paragraphs/paragraph_000686.txt,train
1,0,0,0,0,0,1,paragraphs/paragraph_000687.txt,train
0,0,0,0,0,0,0,paragraphs/paragraph_000688.txt,train
1,0,0,0,0,0,1,paragraphs/paragraph_000689.txt,test
0,0,0,0,0,0,0,paragraphs/paragraph_000690.txt,train
1,0,0,0,0,0,1,paragraphs/paragraph_000691.txt,train
0,0,0,0,0,0,0,paragraphs/paragraph_000692.txt,train
1,0,0,0,0,0,1,paragraphs/paragraph_000693.txt,train
0,0,0,0,0,0,0,paragraphs/paragraph_000694.txt,train
0,1,0,0,0,0,1,paragraphs/paragraph_000695.txt,train
0,0,0,0,0,0,0,paragraphs/paragraph_000696.txt,test
1,0,0,0,0,0,1,paragraphs/paragraph_000697.txt,train
0,0,0,0,0,0,0,paragraphs/paragraph_000698.txt,train
1,0,0,0,0,0,1,paragraphs/paragraph_000699.txt,train
0,0,0,0,0,0,0,paragraphs/paragraph_000700.txt,train
1,0,0,0,0,0,1,paragraphs/paragraph_000701.txt,train
0,0,0,0,0,0,0,paragraphs/paragraph_000702.txt,train
1,0,0,0,0,0,1,paragraphs/paragraph_000703.txt,train
0,0,0,0,0,0,0,paragraphs/paragraph_000704.txt,train
1,0,0,0,0,0,1,paragraphs/paragraph_000705.txt,train
0,0,0,0,0,0,0,paragraphs/paragraph_000706.txt,cal
1,0,0,0,0,0,1,paragraphs/paragraph_000707.txt,train
0,0,0,0,0,0,0,paragraphs/paragraph_000708.txt,cal
1,0,0,0,0,0,1,paragraphs/paragraph_000709.txt,train
0,0,0,0,0,0,0,paragraphs/paragraph_000710.txt,test
1,0,0,0,1,0,1,paragraphs/paragraph_000711.txt,test
0,0,0,0,0,0,0,paragraphs/paragraph_000712.txt,train
1,0,0,0,0,1,1,paragraphs/paragraph_000713.txt,train
0,0,0,0,0,0,0,paragraphs/paragraph_000714.txt,train
0,1,0,0,0,0,1,paragraphs/paragraph_000715.txt,train
0,0,0,0,0,0,0,paragraphs/paragraph_000716.txt,cal
1,0,0,0,0,0,1,paragraphs/paragraph_000717.txt,cal
0,0,0,0,0,0,0,paragraphs/paragraph_000718.txt,cal
1,0,0,0,0,0,1,paragraphs/paragraph_000719.txt,train
0,0,0,0,0,0,0,paragraphs/paragraph_000720.txt,test
1,0,0,0,0,1,1,paragraphs/paragraph_000721.txt,cal
0,0,0,0,0,0,0,paragraphs/paragraph_000722.txt,train
1,0,0,0,0,0,1,paragraphs/paragraph_000723.txt,train
0,0,0,0,0,0,0,paragraphs/paragraph_000724.txt,test
1,0,0,0,0,0,1,paragraphs/paragraph_000725.txt,train
0,0,0,0,0,0,0,paragraphs/paragraph_000726.txt,cal
1,0,0,0,1,0,1,paragraphs/paragraph_000727.txt,train
0,0,0,0,0,0,0,paragraphs/paragraph_000728.txt,test
1,0,0,0,0,0,1,paragraphs/paragraph_000729.txt,train
0,0,0,0,0,0,0,paragraphs/paragraph_000730.txt,train
1,0,0,0,0,0,1,paragraphs/paragraph_000731.txt,train
0,0,0,0,0,0,0,paragraphs/paragraph_000732.txt,cal
1,0,0,0,0,0,1,paragraphs/paragraph_000733.txt,test
0,0,0,0,0,0,0,paragraphs/paragraph_000734.txt,train
1,0,0,0,0,0,1,paragraphs/paragraph_000735.txt,train
0,0,0,0,0,0,0,paragraphs/paragraph_000736.txt,cal
1,0,0,0,0,0,1,paragraphs/paragraph_000737.txt,train
0,0,0,0,0,0,0,paragraphs/paragraph_000738.txt,cal
1,0,0,0,0,0,1,paragraphs/paragraph_000739.txt,train
0,0,0,0,0,0,0,paragraphs/paragraph_000740.txt,train
1,0,0,0,0,0,1,paragraphs/paragraph_000741.txt,train
0,0,0,0,0,0,0,paragraphs/paragraph_000742.txt,train
1,0,0,0,0,0,1,paragraphs/paragraph_000743.txt,test
0,0,0,0,0,0,0,paragraphs/paragraph_000744.txt,train
1,0,0,0,0,1,1,paragraphs/paragraph_000745.txt,train
0,0,0,0,0,0,0,paragraphs/paragraph_000746.txt,cal
1,0,0,0,0,1,1,paragraphs/paragraph_000747.txt,train
0,0,0,0,0,0,0,paragraphs/paragraph_000748.txt,train
1,0,0,0,0,0,1,paragraphs/paragraph_000749.txt,cal
0,0,0,0,0,0,0,paragraphs/paragraph_000750.txt,test
1,0,0,0,0,0,1,paragraphs/paragraph_000751.txt,train
0,0,0,0,0,0,0,paragraphs/paragraph_000752.txt,cal
1,0,0,0,0,0,1,paragraphs/paragraph_000753.txt,test
0,0,0,0,0,0,0,paragraphs/paragraph_000754.txt,train
1,0,1,0,0,0,1,paragraphs/paragraph_000755.txt,train
0,0,0,0,0,0,0,paragraphs/paragraph_000756.txt,test
0,1,0,0,0,0,1,paragraphs/paragraph_000757.txt,test
0,0,0,0,0,0,0,paragraphs/paragraph_000758.txt,train
1,0,0,0,0,0,1,paragraphs/paragraph_000759.txt,cal
0,0,0,0,0,0,0,paragraphs/paragraph_000760.txt,test
1,0,0,0,0,0,1,paragraphs/paragraph_000761.txt,train
0,0,0,0,0,0,0,paragraphs/paragraph_000762.txt,train
1,0,0,0,0,0,1,paragraphs/paragraph_000763.txt,train
0,0,0,0,0,0,0,paragraphs/paragraph_000764.txt,test
1,0,0,0,0,0,1,paragraphs/paragraph_000765.txt,train
0,0,0,0,0,0,0,paragraphs/paragraph_000766.txt,train
0,1,1,0,0,0,1,paragraphs/paragraph_000767.txt,test
0,0,0,0,0,0,0,paragraphs/paragraph_000768.txt,cal
1,0,0,0,0,0,1,paragraphs/paragraph_000769.txt,train
0,0,0,0,0,0,0,paragraphs/paragraph_000770.txt,cal
1,0,0,0,0,0,1,paragraphs/paragraph_000771.txt,train
0,0,0,0,0,0,0,paragraphs/paragraph_000772.txt,cal
1,0,0,0,0,0,1,paragraphs/paragraph_000773.txt,train
0,0,0,0,0,0,0,paragraphs/paragraph_000774.txt,train
0,1,0,0,0,0,1,paragraphs/paragraph_000775.txt,test
0,0,0,0,0,0,0,paragraphs/paragraph_000776.txt,train
1,0,0,0,0,1,1,paragraphs/paragraph_000777.txt,train
0,0,0,0,0,0,0,paragraphs/paragraph_000778.txt,test
1,0,0,0,0,1,1,paragraphs/paragraph_000779.txt,test
0,0,0,0,0,0,0,paragraphs/paragraph_000780.txt,test
1,0,0,0,0,0,1,paragraphs/paragraph_000781.txt,test
0,0,0,0,0,0,0,paragraphs/paragraph_000782.txt,train
1,0,0,0,0,0,1,paragraphs/paragraph_000783.txt,train
0,0,0,0,0,0,0,paragraphs/paragraph_000784.txt,train
1,0,0,0,0,0,1,paragraphs/paragraph_000785.txt,train
0,0,0,0,0,0,0,paragraphs/paragraph_000786.txt,cal
1,0,0,0,0,0,1,paragraphs/paragraph_000787.txt,train
0,0,0,0,0,0,0,paragraphs/paragraph_000788.txt,train
1,0,0,0,0,0,1,paragraphs/paragraph_000789.txt,train
0,0,0,0,0,0,0,paragraphs/paragraph_000790.txt,cal
1,0,0,0,0,0,1,paragraphs/paragraph_000791.txt,train
0,0,0,0,0,0,0,paragraphs/paragraph_000792.txt,train
1,0,0,0,0,1,1,paragraphs/paragraph_000793.txt,train
0,0,0,0,0,0,0,paragraphs/paragraph_000794.txt,test
1,0,0,0,0,0,1,paragraphs/paragraph_000795.txt,train
0,0,0,0,0,0,0,paragraphs/paragraph_000796.txt,cal
1,0,0,0,0,0,1,paragraphs/paragraph_000797.txt,cal
0,0,0,0,0,0,0,paragraphs/paragraph_000798.txt,train
1,0,1,0,0,0,1,paragraphs/paragraph_000799.txt,test
0,0,0,0,0,0,0,paragraphs/paragraph_000800.txt,cal
1,0,0,0,0,1,1,paragraphs/paragraph_000801.txt,test
0,0,0,0,0,0,0,paragraphs/paragraph_000802.txt,train
1,0,0,0,0,0,1,paragraphs/paragraph_000803.txt,train
0,0,0,0,0,0,0,paragraphs/paragraph_000804.txt,test
1,0,0,0,0,0,1,paragraphs/paragraph_000805.txt,train
0,0,0,0,0,0,0,paragraphs/paragraph_000806.txt,test
1,0,0,0,0,0,1,paragraphs/paragraph_000807.txt,cal
0,0,0,0,0,0,0,paragraphs/paragraph_000808.txt,cal
1,0,0,0,0,0,1,paragraphs/paragraph_000809.txt,train
0,0,0,0,0,0,0,paragraphs/paragraph_000810.txt,train
1,0,0,0,0,0,1,paragraphs/paragraph_000811.txt,cal
0,0,0,0,0,0,0,paragraphs/paragraph_000812.txt,cal
1,0,0,0,0,0,1,paragraphs/paragraph_000813.txt,train
0,0,0,0,0,0,0,paragraphs/paragraph_000814.txt,cal
1,0,0,0,0,0,1,paragraphs/paragraph_000815.txt,cal
0,0,0,0,0,0,0,paragraphs/paragraph_000816.txt,train
1,0,0,0,0,0,1,paragraphs/paragraph_000817.txt,train
0,0,0,0,0,0,0,paragraphs/paragraph_000818.txt,train
1,0,0,0,0,0,1,paragraphs/paragraph_000819.txt,train
0,0,0,0,0,0,0,paragraphs/paragraph_000820.txt,train
1,0,0,0,0,0,1,paragraphs/paragraph_000821.txt,cal
0,0,0,0,0,0,0,paragraphs/paragraph_000822.txt,train
0,1,0,0,0,0,1,paragraphs/paragraph_000823.txt,train
0,0,0,0,0,0,0,paragraphs/paragraph_000824.txt,train
0,1,0,0,0,1,1,paragraphs/paragraph_000825.txt,train
0,0,0,0,0,0,0,paragraphs/paragraph_000826.txt,cal
0,1,0,0,0,1,1,paragraphs/paragraph_000827.txt,train
0,0,0,0,0,0,0,paragraphs/paragraph_000828.txt,train
1,0,0,0,0,0,1,paragraphs/paragraph_000829.txt,test
0,0,0,0,0,0,0,paragraphs/paragraph_000830.txt,train
1,0,0,0,0,0,1,paragraphs/paragraph_000831.txt,train
0,0,0,0,0,0,0,paragraphs/paragraph_000832.txt,train
1,0,0,0,0,0,1,paragraphs/paragraph_000833.txt,train
0,0,0,0,0,0,0,paragraphs/paragraph_000834.txt,train
0,1,0,0,0,0,1,paragraphs/paragraph_000835.txt,train
0,0,0,0,0,0,0,paragraphs/paragraph_000836.txt,train
1,0,0,0,0,0,1,paragraphs/paragraph_000837.txt,cal
0,0,0,0,0,0,0,paragraphs/paragraph_000838.txt,train
1,0,0,0,0,0,1,paragraphs/paragraph_000839.txt,train
0,0,0,0,0,0,0,paragraphs/paragraph_000840.txt,test
1,0,0,0,0,1,1,paragraphs/paragraph_000841.txt,train
0,0,0,0,0,0,0,paragraphs/paragraph_000842.txt,test
1,0,1,0,0,0,1,paragraphs/paragraph_000843.txt,train
0,0,0,0,0,0,0,paragraphs/paragraph_000844.txt,cal
1,0,0,0,0,0,1,paragraphs/paragraph_000845.txt,train
0,0,0,0,0,0,0,paragraphs/paragraph_000846.txt,train
1,0,0,0,0,0,1,paragraphs/paragraph_000847.txt,train
0,0,0,0,0,0,0,paragraphs/paragraph_000848.txt,cal
1,0,0,0,0,0,1,paragraphs/paragraph_000849.txt,train
0,0,0,0,0,0,0,paragraphs/paragraph_000850.txt,train
1,0,0,0,0,0,1,paragraphs/paragraph_000851.txt,train
0,0,0,0,0,0,0,paragraphs/paragraph_000852.txt,test
1,0,1,0,0,0,1,paragraphs/paragraph_000853.txt,train
0,0,0,0,0,0,0,paragraphs/paragraph_000854.txt,cal
0,1,0,0,0,0,1,paragraphs/paragraph_000855.txt,train
0,0,0,0,0,0,0,paragraphs/paragraph_000856.txt,train
0,1,0,0,0,0,1,paragraphs/paragraph_000857.txt,train
0,0,0,0,0,0,0,paragraphs/paragraph_000858.txt,train
1,0,0,0,0,0,1,paragraphs/paragraph_000859.txt,train
0,0,0,0,0,0,0,paragraphs/paragraph_000860.txt,train
1,0,0,0,0,0,1,paragraphs/paragraph_000861.txt,test
0,0,0,0,0,0,0,paragraphs/paragraph_000862.txt,train
1,0,0,0,0,0,1,paragraphs/paragraph_000863.txt,train
0,0,0,0,0,0,0,paragraphs/paragraph_000864.txt,train
1,0,0,0,0,0,1,paragraphs/paragraph_000865.txt,train
0,0,0,0,0,0,0,paragraphs/paragraph_000866.txt,train
1,0,0,0,0,0,1,paragraphs/paragraph_000867.txt,train
0,0,0,0,0,0,0,paragraphs/paragraph_000868.txt,train
1,0,0,0,0,0,1,paragraphs/paragraph_000869.txt,cal
0,0,0,0,0,0,0,paragraphs/paragraph_000870.txt,cal
1,0,0,0,0,1,1,paragraphs/paragraph_000871.txt,train
0,0,0,0,0,0,0,paragraphs/paragraph_000872.txt,train
1,0,0,0,0,0,1,paragraphs/paragraph_000873.txt,test
0,0,0,0,0,0,0,paragraphs/paragraph_000874.txt,train
1,0,0,0,0,0,1,paragraphs/paragraph_000875.txt,train
0,0,0,0,0,0,0,paragraphs/paragraph_000876.txt,train
1,0,1,0,0,0,1,paragraphs/paragraph_000877.txt,test
0,0,0,0,0,0,0,paragraphs/paragraph_000878.txt,test
0,1,0,0,0,0,1,paragraphs/paragraph_000879.txt,train
0,0,0,0,0,0,0,paragraphs/paragraph_000880.txt,train
1,0,0,0,0,0,1,paragraphs/paragraph_000881.txt,train
0,0,0,0,0,0,0,paragraphs/paragraph_000882.txt,test
1,0,1,0,0,0,1,paragraphs/paragraph_000883.txt,train
0,0,0,0,0,0,0,paragraphs/paragraph_000884.txt,train
0,1,0,0,0,0,1,paragraphs/paragraph_000885.txt,test
0,0,0,0,0,0,0,paragraphs/paragraph_000886.txt,train
1,0,0,0,0,0,1,paragraphs/paragraph_000887.txt,test
0,0,0,0,0,0,0,paragraphs/paragraph_000888.txt,train
1,0,0,0,0,0,1,paragraphs/paragraph_000889.txt,train
0,0,0,0,0,0,0,paragraphs/paragraph_000890.txt,train
1,0,0,0,0,0,1,paragraphs/paragraph_000891.txt,test
0,0,0,0,0,0,0,paragraphs/paragraph_000892.txt,cal
1,0,0,0,0,0,1,paragraphs/paragraph_000893.txt,cal
0,0,0,0,0,0,0,paragraphs/paragraph_000894.txt,train
1,0,0,0,1,0,1,paragraphs/paragraph_000895.txt,test
0,0,0,0,0,0,0,paragraphs/paragraph_000896.txt,train
1,0,0,0,0,0,1,paragraphs/paragraph_000897.txt,train
0,0,0,0,0,0,0,paragraphs/paragraph_000898.txt,cal
1,0,0,0,0,0,1,paragraphs/paragraph_000899.txt,train
0,0,0,0,0,0,0,paragraphs/paragraph_000900.txt,train
1,0,1,0,0,0,1,paragraphs/paragraph_000901.txt,train
0,0,0,0,0,0,0,paragraphs/paragraph_000902.txt,train
1,0,0,0,0,0,1,paragraphs/paragraph_000903.txt,train
0,0,0,0,0,0,0,paragraphs/paragraph_000904.txt,train
1,0,0,0,0,0,1,paragraphs/paragraph_000905.txt,train
0,0,0,0,0,0,0,paragraphs/paragraph_000906.txt,cal
1,0,0,0,0,0,1,paragraphs/paragraph_000907.txt,cal
0,0,0,0,0,0,0,paragraphs/paragraph_000908.txt,train
1,0,0,0,0,0,1,paragraphs/paragraph_000909.txt,train
0,0,0,0,0,0,0,paragraphs/paragraph_000910.txt,train
1,0,0,0,0,0,1,paragraphs/paragraph_000911.txt,train
0,0,0,0,0,0,0,paragraphs/paragraph_000912.txt,train
0,1,0,0,0,0,1,paragraphs/paragraph_000913.txt,test
0,0,0,0,0,0,0,paragraphs/paragraph_000914.txt,train
1,0,0,0,0,0,1,paragraphs/paragraph_000915.txt,train
0,0,0,0,0,0,0,paragraphs/paragraph_000916.txt,train
1,0,0,0,0,0,1,paragraphs/paragraph_000917.txt,train
0,0,0,0,0,0,0,paragraphs/paragraph_000918.txt,cal
1,0,0,0,0,0,1,paragraphs/paragraph_000919.txt,test
0,0,0,0,0,0,0,paragraphs/paragraph_000920.txt,train
1,0,0,0,0,0,1,paragraphs/paragraph_000921.txt,cal
0,0,0,0,0,0,0,paragraphs/paragraph_000922.txt,train
0,1,0,0,0,0,1,paragraphs/paragraph_000923.txt,cal
0,0,0,0,0,0,0,paragraphs/paragraph_000924.txt,test
1,0,0,0,0,1,1,paragraphs/paragraph_000925.txt,train
0,0,0,0,0,0,0,paragraphs/paragraph_000926.txt,train
1,0,0,0,0,0,1,paragraphs/paragraph_000927.txt,train
0,0,0,0,0,0,0,paragraphs/paragraph_000928.txt,train
1,0,0,0,0,0,1,paragraphs/paragraph_000929.txt,test
0,0,0,0,0,0,0,paragraphs/paragraph_000930.txt,train
1,0,0,0,0,0,1,paragraphs/paragraph_000931.txt,train
0,0,0,0,0,0,0,paragraphs/paragraph_000932.txt,cal
1,0,0,0,0,0,1,paragraphs/paragraph_000933.txt,cal
0,0,0,0,0,0,0,paragraphs/paragraph_000934.txt,train
1,0,0,0,0,0,1,paragraphs/paragraph_000935.txt,train
0,0,0,0,0,0,0,paragraphs/paragraph_000936.txt,train
1,0,0,0,0,0,1,paragraphs/paragraph_000937.txt,train
0,0,0,0,0,0,0,paragraphs/paragraph_000938.txt,cal
1,0,0,0,1,0,1,paragraphs/paragraph_000939.txt,train
0,0,0,0,0,0,0,paragraphs/paragraph_000940.txt,train
1,0,0,0,0,0,1,paragraphs/paragraph_000941.txt,train
0,0,0,0,0,0,0,paragraphs/paragraph_000942.txt,train
0,1,0,0,0,1,1,paragraphs/paragraph_000943.txt,test
0,0,0,0,0,0,0,paragraphs/paragraph_000944.txt,cal
1,0,0,0,0,0,1,paragraphs/paragraph_000945.txt,train
0,0,0,0,0,0,0,paragraphs/paragraph_000946.txt,train
1,0,0,0,0,0,1,paragraphs/paragraph_000947.txt,train
0,0,0,0,0,0,0,paragraphs/paragraph_000948.txt,cal
0,1,1,0,0,0,1,paragraphs/paragraph_000949.txt,cal
0,0,0,0,0,0,0,paragraphs/paragraph_000950.txt,train
0,1,0,0,0,0,1,paragraphs/paragraph_000951.txt,test
0,0,0,0,0,0,0,paragraphs/paragraph_000952.txt,test
1,0,0,0,0,0,1,paragraphs/paragraph_000953.txt,train
0,0,0,0,0,0,0,paragraphs/paragraph_000954.txt,cal
1,0,0,0,0,0,1,paragraphs/paragraph_000955.txt,train
0,0,0,0,0,0,0,paragraphs/paragraph_000956.txt,train
1,0,0,0,0,0,1,paragraphs/paragraph_000957.txt,train
0,0,0,0,0,0,0,paragraphs/paragraph_000958.txt,train
1,0,0,0,1,0,1,paragraphs/paragraph_000959.txt,train
0,0,0,0,0,0,0,paragraphs/paragraph_000960.txt,test
1,0,0,0,0,0,1,paragraphs/paragraph_000961.txt,train
0,0,0,0,0,0,0,paragraphs/paragraph_000962.txt,test
1,0,0,0,0,0,1,paragraphs/paragraph_000963.txt,train
0,0,0,0,0,0,0,paragraphs/paragraph_000964.txt,train
1,0,0,0,0,0,1,paragraphs/paragraph_000965.txt,train
0,0,0,0,0,0,0,paragraphs/paragraph_000966.txt,train
1,0,1,0,0,0,1,paragraphs/paragraph_000967.txt,test
0,0,0,0,0,0,0,paragraphs/paragraph_000968.txt,train
1,0,1,0,0,0,1,paragraphs/paragraph_000969.txt,train
0,0,0,0,0,0,0,paragraphs/paragraph_000970.txt,train
1,0,0,0,0,0,1,paragraphs/paragraph_000971.txt,test
0,0,0,0,0,0,0,paragraphs/paragraph_000972.txt,cal
1,0,0,0,0,0,1,paragraphs/paragraph_000973.txt,test
0,0,0,0,0,0,0,paragraphs/paragraph_000974.txt,train
0,1,0,0,0,0,1,paragraphs/paragraph_000975.txt,train
0,0,0,0,0,0,0,paragraphs/paragraph_000976.txt,train
1,0,0,0,0,0,1,paragraphs/paragraph_000977.txt,train
0,0,0,0,0,0,0,paragraphs/paragraph_000978.txt,train
1,0,0,0,0,0,1,paragraphs/paragraph_000979.txt,train
0,0,0,0,0,0,0,paragraphs/paragraph_000980.txt,train
1,0,0,0,0,0,1,paragraphs/paragraph_000981.txt,train
0,0,0,0,0,0,0,paragraphs/paragraph_000982.txt,test
1,0,0,0,0,0,1,paragraphs/paragraph_000983.txt,train
0,0,0,0,0,0,0,paragraphs/paragraph_000984.txt,train
1,0,0,0,0,0,1,paragraphs/paragraph_000985.txt,test
0,0,0,0,0,0,0,paragraphs/paragraph_000986.txt,train
1,0,0,0,0,0,1,paragraphs/paragraph_000987.txt,test
0,0,0,0,0,0,0,paragraphs/paragraph_000988.txt,train
1,0,0,0,0,0,1,paragraphs/paragraph_000989.txt,train
0,0,0,0,0,0,0,paragraphs/paragraph_000990.txt,cal
1,0,0,0,0,0,1,paragraphs/paragraph_000991.txt,test
0,0,0,0,0,0,0,paragraphs/paragraph_000992.txt,test
1,0,0,0,0,0,1,paragraphs/paragraph_000993.txt,train
0,0,0,0,0,0,0,paragraphs/paragraph_000994.txt,train
1,0,0,0,0,0,1,paragraphs/paragraph_000995.txt,train
0,0,0,0,0,0,0,paragraphs/paragraph_000996.txt,train
1,0,0,0,0,0,1,paragraphs/paragraph_000997.txt,cal
0,0,0,0,0,0,0,paragraphs/paragraph_000998.txt,train
1,0,0,0,0,0,1,paragraphs/paragraph_000999.txt,cal
0,0,0,0,0,0,0,paragraphs/paragraph_001000.txt,train
1,0,0,0,0,1,1,paragraphs/paragraph_001001.txt,train
0,0,0,0,0,0,0,paragraphs/paragraph_001002.txt,train
1,0,0,0,0,0,1,paragraphs/paragraph_001003.txt,cal
0,0,0,0,0,0,0,paragraphs/paragraph_001004.txt,test
1,0,0,0,0,0,1,paragraphs/paragraph_001005.txt,cal
0,0,0,0,0,0,0,paragraphs/paragraph_001006.txt,test
1,0,0,0,0,0,1,paragraphs/paragraph_001007.txt,test
0,0,0,0,0,0,0,paragraphs/paragraph_001008.txt,cal
1,0,0,0,0,0,1,paragraphs/paragraph_001009.txt,train
0,0,0,0,0,0,0,paragraphs/paragraph_001010.txt,train
1,0,0,0,0,1,1,paragraphs/paragraph_001011.txt,train
0,0,0,0,0,0,0,paragraphs/paragraph_001012.txt,cal
1,0,0,0,0,0,1,paragraphs/paragraph_001013.txt,cal
0,0,0,0,0,0,0,paragraphs/paragraph_001014.txt,train
1,0,0,0,0,0,1,paragraphs/paragraph_001015.txt,test
0,0,0,0,0,0,0,paragraphs/paragraph_001016.txt,cal
1,0,0,0,0,0,1,paragraphs/paragraph_001017.txt,train
0,0,0,0,0,0,0,paragraphs/paragraph_001018.txt,train
1,0,0,0,0,0,1,paragraphs/paragraph_001019.txt,cal
0,0,0,0,0,0,0,paragraphs/paragraph_001020.txt,train
1,0,0,0,0,0,1,paragraphs/paragraph_001021.txt,test
0,0,0,0,0,0,0,paragraphs/paragraph_001022.txt,train
1,0,0,0,0,0,1,paragraphs/paragraph_001023.txt,cal
0,0,0,0,0,0,0,paragraphs/paragraph_001024.txt,cal
1,0,0,0,0,0,1,paragraphs/paragraph_001025.txt,cal
0,0,0,0,0,0,0,paragraphs/paragraph_001026.txt,train
1,0,0,0,0,0,1,paragraphs/paragraph_001027.txt,cal
0,0,0,0,0,0,0,paragraphs/paragraph_001028.txt,cal
1,0,0,0,0,0,1,paragraphs/paragraph_001029.txt,train
0,0,0,0,0,0,0,paragraphs/paragraph_001030.txt,cal
1,0,0,0,0,0,1,paragraphs/paragraph_001031.txt,train
0,0,0,0,0,0,0,paragraphs/paragraph_001032.txt,train
1,0,0,0,0,0,1,paragraphs/paragraph_001033.txt,train
0,0,0,0,0,0,0,paragraphs/paragraph_001034.txt,train
1,0,0,0,0,0,1,paragraphs/paragraph_001035.txt,train
0,0,0,0,0,0,0,paragraphs/paragraph_001036.txt,test
1,0,0,0,0,0,1,paragraphs/paragraph_001037.txt,train
0,0,0,0,0,0,0,paragraphs/paragraph_001038.txt,test
0,1,0,0,1,0,1,paragraphs/paragraph_001039.txt,train
0,0,0,0,0,0,0,paragraphs/paragraph_001040.txt,train
1,0,0,0,0,0,1,paragraphs/paragraph_001041.txt,train
0,0,0,0,0,0,0,paragraphs/paragraph_001042.txt,test
1,0,0,0,0,0,1,paragraphs/paragraph_001043.txt,train
0,0,0,0,0,0,0,paragraphs/paragraph_001044.txt,test
1,0,1,0,0,0,1,paragraphs/paragraph_001045.txt,cal
0,0,0,0,0,0,0,paragraphs/paragraph_001046.txt,test
1,0,0,0,0,0,1,paragraphs/paragraph_001047.txt,train
0,0,0,0,0,0,0,paragraphs/paragraph_001048.txt,train
1,0,0,0,0,1,1,paragraphs/paragraph_001049.txt,cal
0,0,0,0,0,0,0,paragraphs/paragraph_001050.txt,train
1,0,0,0,0,0,1,paragraphs/paragraph_001051.txt,cal
0,0,0,0,0,0,0,paragraphs/paragraph_001052.txt,train
1,0,0,0,0,0,1,paragraphs/paragraph_001053.txt,cal
0,0,0,0,0,0,0,paragraphs/paragraph_001054.txt,test
1,0,0,0,0,0,1,paragraphs/paragraph_001055.txt,cal
0,0,0,0,0,0,0,paragraphs/paragraph_001056.txt,train
1,0,0,0,1,0,1,paragraphs/paragraph_001057.txt,test
0,0,0,0,0,0,0,paragraphs/paragraph_001058.txt,train
1,0,0,0,0,0,1,paragraphs/paragraph_001059.txt,train
0,0,0,0,0,0,0,paragraphs/paragraph_001060.txt,test
1,0,0,0,0,1,1,paragraphs/paragraph_001061.txt,cal
0,0,0,0,0,0,0,paragraphs/paragraph_001062.txt,cal
1,0,0,0,0,0,1,paragraphs/paragraph_001063.txt,test
0,0,0,0,0,0,0,paragraphs/paragraph_001064.txt,train
1,0,0,0,0,0,1,paragraphs/paragraph_001065.txt,train
0,0,0,0,0,0,0,paragraphs/paragraph_001066.txt,test
0,1,0,0,0,0,1,paragraphs/paragraph_001067.txt,train
0,0,0,0,0,0,0,paragraphs/paragraph_001068.txt,train
1,0,0,0,0,0,1,paragraphs/paragraph_001069.txt,train
0,0,0,0,0,0,0,paragraphs/paragraph_001070.txt,train
0,1,0,0,0,0,1,paragraphs/paragraph_001071.txt,train
0,0,0,0,0,0,0,paragraphs/paragraph_001072.txt,train
0,1,0,0,0,0,1,paragraphs/paragraph_001073.txt,train
0,0,0,0,0,0,0,paragraphs/paragraph_001074.txt,train
1,0,0,0,0,1,1,paragraphs/paragraph_001075.txt,cal
0,0,0,0,0,0,0,paragraphs/paragraph_001076.txt,train
1,0,0,0,0,0,1,paragraphs/paragraph_001077.txt,train
0,0,0,0,0,0,0,paragraphs/paragraph_001078.txt,test
1,0,0,0,0,0,1,paragraphs/paragraph_001079.txt,train
0,0,0,0,0,0,0,paragraphs/paragraph_001080.txt,cal
1,0,0,0,0,0,1,paragraphs/paragraph_001081.txt,test
0,0,0,0,0,0,0,paragraphs/paragraph_001082.txt,train
1,0,0,0,1,0,1,paragraphs/paragraph_001083.txt,train
0,0,0,0,0,0,0,paragraphs/paragraph_001084.txt,cal
1,0,0,0,0,0,1,paragraphs/paragraph_001085.txt,cal
0,0,0,0,0,0,0,paragraphs/paragraph_001086.txt,train
1,0,0,0,0,0,1,paragraphs/paragraph_001087.txt,test
0,0,0,0,0,0,0,paragraphs/paragraph_001088.txt,train
1,0,0,0,0,0,1,paragraphs/paragraph_001089.txt,cal
0,0,0,0,0,0,0,paragraphs/paragraph_001090.txt,train
0,1,0,0,0,1,1,paragraphs/paragraph_001091.txt,cal
0,0,0,0,0,0,0,paragraphs/paragraph_001092.txt,test
1,0,0,0,0,0,1,paragraphs/paragraph_001093.txt,test
0,0,0,0,0,0,0,paragraphs/paragraph_001094.txt,train
1,0,0,0,0,0,1,paragraphs/paragraph_001095.txt,train
0,0,0,0,0,0,0,paragraphs/paragraph_001096.txt,train
0,1,0,0,0,0,1,paragraphs/paragraph_001097.txt,train
0,0,0,0,0,0,0,paragraphs/paragraph_001098.txt,train
1,0,0,0,0,0,1,paragraphs/paragraph_001099.txt,test
0,0,0,0,0,0,0,paragraphs/paragraph_001100.txt,train
1,0,1,0,0,0,1,paragraphs/paragraph_001101.txt,train
0,0,0,0,0,0,0,paragraphs/paragraph_001102.txt,cal
1,0,1,0,0,0,1,paragraphs/paragraph_001103.txt,cal
0,0,0,0,0,0,0,paragraphs/paragraph_001104.txt,cal
1,0,0,0,0,0,1,paragraphs/paragraph_001105.txt,cal
0,0,0,0,0,0,0,paragraphs/paragraph_001106.txt,train
1,0,0,0,0,0,1,paragraphs/paragraph_001107.txt,train
0,0,0,0,0,0,0,paragraphs/paragraph_001108.txt,test
1,0,0,0,0,0,1,paragraphs/paragraph_001109.txt,test
0,0,0,0,0,0,0,paragraphs/paragraph_001110.txt,train
1,0,0,0,0,0,1,paragraphs/paragraph_001111.txt,cal
0,0,0,0,0,0,0,paragraphs/paragraph_001112.txt,train
1,0,0,0,0,0,1,paragraphs/paragraph_001113.txt,train
0,0,0,0,0,0,0,paragraphs/paragraph_001114.txt,train
1,0,0,0,0,0,1,paragraphs/paragraph_001115.txt,train
0,0,0,0,0,0,0,paragraphs/paragraph_001116.txt,train
1,0,0,0,0,0,1,paragraphs/paragraph_001117.txt,train
0,0,0,0,0,0,0,paragraphs/paragraph_001118.txt,cal
0,1,0,0,0,0,1,paragraphs/paragraph_001119.txt,train
0,0,0,0,0,0,0,paragraphs/paragraph_001120.txt,train
0,1,0,0,0,0,1,paragraphs/paragraph_001121.txt,cal
0,0,0,0,0,0,0,paragraphs/paragraph_001122.txt,cal
0,1,0,0,0,0,1,paragraphs/paragraph_001123.txt,cal
0,0,0,0,0,0,0,paragraphs/paragraph_001124.txt,cal
1,0,0,0,0,0,1,paragraphs/paragraph_001125.txt,test
0,0,0,0,0,0,0,paragraphs/paragraph_001126.txt,train
1,0,0,0,1,0,1,paragraphs/paragraph_001127.txt,train
0,0,0,0,0,0,0,paragraphs/paragraph_001128.txt,train
1,0,0,0,0,0,1,paragraphs/paragraph_001129.txt,train
0,0,0,0,0,0,0,paragraphs/paragraph_001130.txt,train
1,0,0,0,0,0,1,paragraphs/paragraph_001131.txt,test
0,0,0,0,0,0,0,paragraphs/paragraph_001132.txt,train
1,0,1,0,0,0,1,paragraphs/paragraph_001133.txt,train
0,0,0,0,0,0,0,paragraphs/paragraph_001134.txt,train
1,0,0,0,0,1,1,paragraphs/paragraph_001135.txt,test
0,0,0,0,0,0,0,paragraphs/paragraph_001136.txt,train
1,0,0,0,0,0,1,paragraphs/paragraph_001137.txt,cal
0,0,0,0,0,0,0,paragraphs/paragraph_001138.txt,train
1,0,0,0,0,0,1,paragraphs/paragraph_001139.txt,train
0,0,0,0,0,0,0,paragraphs/paragraph_001140.txt,train
1,0,0,0,0,0,1,paragraphs/paragraph_001141.txt,cal
0,0,0,0,0,0,0,paragraphs/paragraph_001142.txt,train
1,0,0,0,0,0,1,paragraphs/paragraph_001143.txt,test
0,0,0,0,0,0,0,paragraphs/paragraph_001144.txt,train
1,0,0,0,0,1,1,paragraphs/paragraph_001145.txt,train
0,0,0,0,0,0,0,paragraphs/paragraph_001146.txt,cal
1,0,0,0,0,0,1,paragraphs/paragraph_001147.txt,test
0,0,0,0,0,0,0,paragraphs/paragraph_001148.txt,test
1,0,0,0,0,0,1,paragraphs/paragraph_001149.txt,cal
0,0,0,0,0,0,0,paragraphs/paragraph_001150.txt,cal
1,0,0,0,0,0,1,paragraphs/paragraph_001151.txt,test
0,0,0,0,0,0,0,paragraphs/paragraph_001152.txt,cal
1,0,0,0,0,0,1,paragraphs/paragraph_001153.txt,test
0,0,0,0,0,0,0,paragraphs/paragraph_001154.txt,test
1,0,0,0,0,0,1,paragraphs/paragraph_001155.txt,test
0,0,0,0,0,0,0,paragraphs/paragraph_001156.txt,test
1,0,1,0,0,0,1,paragraphs/paragraph_001157.txt,train
0,0,0,0,0,0,0,paragraphs/paragraph_001158.txt,cal
1,0,0,0,0,0,1,paragraphs/paragraph_001159.txt,cal
0,0,0,0,0,0,0,paragraphs/paragraph_001160.txt,train
1,0,0,0,0,0,1,paragraphs/paragraph_001161.txt,cal
0,0,0,0,0,0,0,paragraphs/paragraph_001162.txt,train
1,0,0,0,0,0,1,paragraphs/paragraph_001163.txt,train
0,0,0,0,0,0,0,paragraphs/paragraph_001164.txt,test
1,0,0,0,0,0,1,paragraphs/paragraph_001165.txt,train
0,0,0,0,0,0,0,paragraphs/paragraph_001166.txt,cal
1,0,0,0,1,0,1,paragraphs/paragraph_001167.txt,cal
0,0,0,0,0,0,0,paragraphs/paragraph_001168.txt,train
1,0,0,0,0,0,1,paragraphs/paragraph_001169.txt,train
0,0,0,0,0,0,0,paragraphs/paragraph_001170.txt,train
1,0,0,0,0,0,1,paragraphs/paragraph_001171.txt,test
0,0,0,0,0,0,0,paragraphs/paragraph_001172.txt,cal
1,0,0,0,0,0,1,paragraphs/paragraph_001173.txt,test
0,0,0,0,0,0,0,paragraphs/paragraph_001174.txt,train
1,0,0,0,0,0,1,paragraphs/paragraph_001175.txt,test
0,0,0,0,0,0,0,paragraphs/paragraph_001176.txt,train
1,0,0,0,0,0,1,paragraphs/paragraph_001177.txt,test
0,0,0,0,0,0,0,paragraphs/paragraph_001178.txt,train
1,0,0,0,0,1,1,paragraphs/paragraph_001179.txt,test
0,0,0,0,0,0,0,paragraphs/paragraph_001180.txt,train
0,1,0,0,0,0,1,paragraphs/paragraph_001181.txt,cal
0,0,0,0,0,0,0,paragraphs/paragraph_001182.txt,train
0,1,0,0,0,0,1,paragraphs/paragraph_001183.txt,test
0,0,0,0,0,0,0,paragraphs/paragraph_001184.txt,cal
0,1,0,0,0,0,1,paragraphs/paragraph_001185.txt,train
0,0,0,0,0,0,0,paragraphs/paragraph_001186.txt,cal
1,0,0,0,0,0,1,paragraphs/paragraph_001187.txt,test
0,0,0,0,0,0,0,paragraphs/paragraph_001188.txt,train
1,0,0,0,0,0,1,paragraphs/paragraph_001189.txt,train
0,0,0,0,0,0,0,paragraphs/paragraph_001190.txt,test
0,1,0,0,0,0,1,paragraphs/paragraph_001191.txt,train
0,0,0,0,0,0,0,paragraphs/paragraph_001192.txt,train
0,1,0,0,0,0,1,paragraphs/paragraph_001193.txt,train
0,0,0,0,0,0,0,paragraphs/paragraph_001194.txt,test
0,1,0,0,1,0,1,paragraphs/paragraph_001195.txt,train
0,0,0,0,0,0,0,paragraphs/paragraph_001196.txt,cal
1,0,1,0,0,0,1,paragraphs/paragraph_001197.txt,cal
0,0,0,0,0,0,0,paragraphs/paragraph_001198.txt,cal
1,0,0,0,0,0,1,paragraphs/paragraph_001199.txt,test
0,0,0,0,0,0,0,paragraphs/paragraph_001200.txt,train
1,0,0,0,0,0,1,paragraphs/paragraph_001201.txt,test
0,0,0,0,0,0,0,paragraphs/paragraph_001202.txt,train
1,0,0,0,0,0,1,paragraphs/paragraph_001203.txt,train
0,0,0,0,0,0,0,paragraphs/paragraph_001204.txt,train
1,0,0,0,0,0,1,paragraphs/paragraph_001205.txt,train
0,0,0,0,0,0,0,paragraphs/paragraph_001206.txt,test
1,0,0,0,0,0,1,paragraphs/paragraph_001207.txt,test
0,0,0,0,0,0,0,paragraphs/paragraph_001208.txt,train
0,1,0,0,1,0,1,paragraphs/paragraph_001209.txt,train
0,0,0,0,0,0,0,paragraphs/paragraph_001210.txt,cal
1,0,0,0,0,0,1,paragraphs/paragraph_001211.txt,train
0,0,0,0,0,0,0,paragraphs/paragraph_001212.txt,train
0,1,0,0,0,0,1,paragraphs/paragraph_001213.txt,train
0,0,0,0,0,0,0,paragraphs/paragraph_001214.txt,test
0,1,0,0,0,0,1,paragraphs/paragraph_001215.txt,test
0,0,0,0,0,0,0,paragraphs/paragraph_001216.txt,train
1,0,1,0,0,0,1,paragraphs/paragraph_001217.txt,train
0,0,0,0,0,0,0,paragraphs/paragraph_001218.txt,test
1,0,0,0,0,0,1,paragraphs/paragraph_001219.txt,test
0,0,0,0,0,0,0,paragraphs/paragraph_001220.txt,train
0,1,0,0,0,0,1,paragraphs/paragraph_001221.txt,cal
0,0,0,0,0,0,0,paragraphs/paragraph_001222.txt,train
1,0,0,0,0,0,1,paragraphs/paragraph_001223.txt,train
0,0,0,0,0,0,0,paragraphs/paragraph_001224.txt,cal
1,0,0,0,1,0,1,paragraphs/paragraph_001225.txt,train
0,0,0,0,0,0,0,paragraphs/paragraph_001226.txt,test
1,0,0,0,1,0,1,paragraphs/paragraph_001227.txt,train
0,0,0,0,0,0,0,paragraphs/paragraph_001228.txt,train
0,1,0,0,0,0,1,paragraphs/paragraph_001229.txt,cal
0,0,0,0,0,0,0,paragraphs/paragraph_001230.txt,train
0,1,0,0,0,0,1,paragraphs/paragraph_001231.txt,cal
0,0,0,0,0,0,0,paragraphs/paragraph_001232.txt,train
1,0,0,0,0,0,1,paragraphs/paragraph_001233.txt,train
0,0,0,0,0,0,0,paragraphs/paragraph_001234.txt,train
1,0,0,0,0,0,1,paragraphs/paragraph_001235.txt,test
0,0,0,0,0,0,0,paragraphs/paragraph_001236.txt,train
1,0,0,0,0,0,1,paragraphs/paragraph_001237.txt,cal
0,0,0,0,0,0,0,paragraphs/paragraph_001238.txt,train
1,0,0,0,0,0,1,paragraphs/paragraph_001239.txt,cal
0,0,0,0,0,0,0,paragraphs/paragraph_001240.txt,train
1,0,0,0,0,0,1,paragraphs/paragraph_001241.txt,cal
0,0,0,0,0,0,0,paragraphs/paragraph_001242.txt,test
1,0,0,0,0,0,1,paragraphs/paragraph_001243.txt,test
0,0,0,0,0,0,0,paragraphs/paragraph_001244.txt,cal
1,0,0,0,0,0,1,paragraphs/paragraph_001245.txt,test
0,0,0,0,0,0,0,paragraphs/paragraph_001246.txt,test
1,0,0,0,0,0,1,paragraphs/paragraph_001247.txt,train
0,0,0,0,0,0,0,paragraphs/paragraph_001248.txt,train
1,0,1,0,0,0,1,paragraphs/paragraph_001249.txt,cal
0,0,0,0,0,0,0,paragraphs/paragraph_001250.txt,test
1,0,0,0,1,0,1,paragraphs/paragraph_001251.txt,test
0,0,0,0,0,0,0,paragraphs/paragraph_001252.txt,train
1,0,0,0,0,0,1,paragraphs/paragraph_001253.txt,train
0,0,0,0,0,0,0,paragraphs/paragraph_001254.txt,train
1,0,0,0,0,0,1,paragraphs/paragraph_001255.txt,test
0,0,0,0,0,0,0,paragraphs/paragraph_001256.txt,train
1,0,0,0,0,1,1,paragraphs/paragraph_001257.txt,train
0,0,0,0,0,0,0,paragraphs/paragraph_001258.txt,train
1,0,0,0,0,0,1,paragraphs/paragraph_001259.txt,train
0,0,0,0,0,0,0,paragraphs/paragraph_001260.txt,train
1,0,0,0,0,1,1,paragraphs/paragraph_001261.txt,train
0,0,0,0,0,0,0,paragraphs/paragraph_001262.txt,test
0,1,0,0,0,0,1,paragraphs/paragraph_001263.txt,train
0,0,0,0,0,0,0,paragraphs/paragraph_001264.txt,train
0,1,0,0,0,0,1,paragraphs/paragraph_001265.txt,train
0,0,0,0,0,0,0,paragraphs/paragraph_001266.txt,train
1,0,0,0,0,0,1,paragraphs/paragraph_001267.txt,train
0,0,0,0,0,0,0,paragraphs/paragraph_001268.txt,train
1,0,0,0,0,0,1,paragraphs/paragraph_001269.txt,test
0,0,0,0,0,0,0,paragraphs/paragraph_001270.txt,train
1,0,0,0,0,0,1,paragraphs/paragraph_001271.txt,test
0,0,0,0,0,0,0,paragraphs/paragraph_001272.txt,cal
1,0,0,0,0,0,1,paragraphs/paragraph_001273.txt,test
0,0,0,0,0,0,0,paragraphs/paragraph_001274.txt,train
1,0,0,0,0,0,1,paragraphs/paragraph_001275.txt,train
0,0,0,0,0,0,0,paragraphs/paragraph_001276.txt,train
0,1,0,0,0,0,1,paragraphs/paragraph_001277.txt,train
0,0,0,0,0,0,0,paragraphs/paragraph_001278.txt,cal
1,0,0,0,0,0,1,paragraphs/paragraph_001279.txt,train
0,0,0,0,0,0,0,paragraphs/paragraph_001280.txt,train
0,1,0,0,0,0,1,paragraphs/paragraph_001281.txt,test
0,0,0,0,0,0,0,paragraphs/paragraph_001282.txt,test
1,0,0,0,0,0,1,paragraphs/paragraph_001283.txt,train
0,0,0,0,0,0,0,paragraphs/paragraph_001284.txt,train
1,0,0,0,0,1,1,paragraphs/paragraph_001285.txt,train
0,0,0,0,0,0,0,paragraphs/paragraph_001286.txt,train
1,0,0,0,0,1,1,paragraphs/paragraph_001287.txt,train
0,0,0,0,0,0,0,paragraphs/paragraph_001288.txt,train
1,0,0,0,0,0,1,paragraphs/paragraph_001289.txt,train
0,0,0,0,0,0,0,paragraphs/paragraph_001290.txt,train
0,1,0,0,1,0,1,paragraphs/paragraph_001291.txt,train
0,0,0,0,0,0,0,paragraphs/paragraph_001292.txt,train
1,0,0,0,0,0,1,paragraphs/paragraph_001293.txt,train
0,0,0,0,0,0,0,paragraphs/paragraph_001294.txt,test
1,0,0,0,0,0,1,paragraphs/paragraph_001295.txt,cal
0,0,0,0,0,0,0,paragraphs/paragraph_001296.txt,train
0,1,0,0,1,0,1,paragraphs/paragraph_001297.txt,train
0,0,0,0,0,0,0,paragraphs/paragraph_001298.txt,train
1,0,0,0,1,0,1,paragraphs/paragraph_001299.txt,test
0,0,0,0,0,0,0,paragraphs/paragraph_001300.txt,test
1,0,0,0,0,0,1,paragraphs/paragraph_001301.txt,train
0,0,0,0,0,0,0,paragraphs/paragraph_001302.txt,cal
1,0,0,0,1,0,1,paragraphs/paragraph_001303.txt,train
0,0,0,0,0,0,0,paragraphs/paragraph_001304.txt,train
1,0,0,0,0,0,1,paragraphs/paragraph_001305.txt,test
0,0,0,0,0,0,0,paragraphs/paragraph_001306.txt,cal
1,0,0,0,0,0,1,paragraphs/paragraph_001307.txt,test
0,0,0,0,0,0,0,paragraphs/paragraph_001308.txt,cal
1,0,0,0,0,0,1,paragraphs/paragraph_001309.txt,train
0,0,0,0,0,0,0,paragraphs/paragraph_001310.txt,cal
1,0,0,0,0,0,1,paragraphs/paragraph_001311.txt,train
0,0,0,0,0,0,0,paragraphs/paragraph_001312.txt,cal
0,1,0,0,0,1,1,paragraphs/paragraph_001313.txt,train
0,0,0,0,0,0,0,paragraphs/paragraph_001314.txt,cal
1,0,0,0,0,0,1,paragraphs/paragraph_001315.txt,train
0,0,0,0,0,0,0,paragraphs/paragraph_001316.txt,test
1,0,0,0,1,0,1,paragraphs/paragraph_001317.txt,train
0,0,0,0,0,0,0,paragraphs/paragraph_001318.txt,test
1,0,0,0,0,0,1,paragraphs/paragraph_001319.txt,train
0,0,0,0,0,0,0,paragraphs/paragraph_001320.txt,train
1,0,0,0,0,0,1,paragraphs/paragraph_001321.txt,train
0,0,0,0,0,0,0,paragraphs/paragraph_001322.txt,train
0,1,0,0,0,0,1,paragraphs/paragraph_001323.txt,cal
0,0,0,0,0,0,0,paragraphs/paragraph_001324.txt,train
1,0,0,0,1,0,1,paragraphs/paragraph_001325.txt,cal
0,0,0,0,0,0,0,paragraphs/paragraph_001326.txt,train
0,1,0,0,0,0,1,paragraphs/paragraph_001327.txt,train
0,0,0,0,0,0,0,paragraphs/paragraph_001328.txt,test
1,0,0,0,0,0,1,paragraphs/paragraph_001329.txt,test
0,0,0,0,0,0,0,paragraphs/paragraph_001330.txt,train
1,0,0,0,0,0,1,paragraphs/paragraph_001331.txt,train
0,0,0,0,0,0,0,paragraphs/paragraph_001332.txt,test
1,0,0,0,0,0,1,paragraphs/paragraph_001333.txt,train
0,0,0,0,0,0,0,paragraphs/paragraph_001334.txt,cal
1,0,0,0,0,0,1,paragraphs/paragraph_001335.txt,cal
0,0,0,0,0,0,0,paragraphs/paragraph_001336.txt,test
1,0,0,0,0,0,1,paragraphs/paragraph_001337.txt,train
0,0,0,0,0,0,0,paragraphs/paragraph_001338.txt,test
0,1,0,0,0,0,1,paragraphs/paragraph_001339.txt,train
0,0,0,0,0,0,0,paragraphs/paragraph_001340.txt,train
1,0,0,0,0,1,1,paragraphs/paragraph_001341.txt,train
0,0,0,0,0,0,0,paragraphs/paragraph_001342.txt,train
1,0,0,0,0,0,1,paragraphs/paragraph_001343.txt,cal
0,0,0,0,0,0,0,paragraphs/paragraph_001344.txt,test
1,0,0,0,0,0,1,paragraphs/paragraph_001345.txt,test
0,0,0,0,0,0,0,paragraphs/paragraph_001346.txt,train
1,0,0,0,0,1,1,paragraphs/paragraph_001347.txt,train
0,0,0,0,0,0,0,paragraphs/paragraph_001348.txt,train
1,0,0,0,0,0,1,paragraphs/paragraph_001349.txt,cal
0,0,0,0,0,0,0,paragraphs/paragraph_001350.txt,train
1,0,0,0,0,0,1,paragraphs/paragraph_001351.txt,cal
0,0,0,0,0,0,0,paragraphs/paragraph_001352.txt,train
1,0,0,0,0,0,1,paragraphs/paragraph_001353.txt,train
0,0,0,0,0,0,0,paragraphs/paragraph_001354.txt,test
1,0,0,0,0,0,1,paragraphs/paragraph_001355.txt,train
0,0,0,0,0,0,0,paragraphs/paragraph_001356.txt,cal
1,0,0,0,0,1,1,paragraphs/paragraph_001357.txt,cal
0,0,0,0,0,0,0,paragraphs/paragraph_001358.txt,train
1,0,0,0,0,1,1,paragraphs/paragraph_001359.txt,train
0,0,0,0,0,0,0,paragraphs/paragraph_001360.txt,train
1,0,0,0,0,0,1,paragraphs/paragraph_001361.txt,cal
0,0,0,0,0,0,0,paragraphs/paragraph_001362.txt,train
1,0,0,0,0,1,1,paragraphs/paragraph_001363.txt,test
0,0,0,0,0,0,0,paragraphs/paragraph_001364.txt,test
1,0,0,0,0,0,1,paragraphs/paragraph_001365.txt,test
0,0,0,0,0,0,0,paragraphs/paragraph_001366.txt,train
1,0,0,0,0,0,1,paragraphs/paragraph_001367.txt,test
0,0,0,0,0,0,0,paragraphs/paragraph_001368.txt,cal
1,0,0,0,0,0,1,paragraphs/paragraph_001369.txt,train
0,0,0,0,0,0,0,paragraphs/paragraph_001370.txt,train
0,1,0,0,0,0,1,paragraphs/paragraph_001371.txt,cal
0,0,0,0,0,0,0,paragraphs/paragraph_001372.txt,train
0,1,0,0,1,0,1,paragraphs/paragraph_001373.txt,cal
0,0,0,0,0,0,0,paragraphs/paragraph_001374.txt,train
1,0,0,0,0,0,1,paragraphs/paragraph_001375.txt,train
0,0,0,0,0,0,0,paragraphs/paragraph_001376.txt,cal
0,1,0,0,0,0,1,paragraphs/paragraph_001377.txt,train
0,0,0,0,0,0,0,paragraphs/paragraph_001378.txt,train
0,1,0,0,0,0,1,paragraphs/paragraph_001379.txt,train
0,0,0,0,0,0,0,paragraphs/paragraph_001380.txt,train
1,0,0,1,0,0,1,paragraphs/paragraph_001381.txt,train
0,0,0,0,0,0,0,paragraphs/paragraph_001382.txt,train
0,1,0,0,1,0,1,paragraphs/paragraph_001383.txt,cal
0,0,0,0,0,0,0,paragraphs/paragraph_001384.txt,train
0,1,0,0,0,0,1,paragraphs/paragraph_001385.txt,test
0,0,0,0,0,0,0,paragraphs/paragraph_001386.txt,train
1,0,0,0,0,0,1,paragraphs/paragraph_001387.txt,test
0,0,0,0,0,0,0,paragraphs/paragraph_001388.txt,train
0,1,0,0,0,0,1,paragraphs/paragraph_001389.txt,cal
0,0,0,0,0,0,0,paragraphs/paragraph_001390.txt,train
1,0,0,0,0,0,1,paragraphs/paragraph_001391.txt,train
0,0,0,0,0,0,0,paragraphs/paragraph_001392.txt,train
0,1,0,0,0,0,1,paragraphs/paragraph_001393.txt,train
0,0,0,0,0,0,0,paragraphs/paragraph_001394.txt,train
1,0,0,0,0,0,1,paragraphs/paragraph_001395.txt,train
0,0,0,0,0,0,0,paragraphs/paragraph_001396.txt,cal
0,1,0,0,0,0,1,paragraphs/paragraph_001397.txt,train
0,0,0,0,0,0,0,paragraphs/paragraph_001398.txt,train
1,0,0,0,0,0,1,paragraphs/paragraph_001399.txt,test
0,0,0,0,0,0,0,paragraphs/paragraph_001400.txt,test
1,0,0,0,0,0,1,paragraphs/paragraph_001401.txt,train
0,0,0,0,0,0,0,paragraphs/paragraph_001402.txt,train
1,0,0,0,0,1,1,paragraphs/paragraph_001403.txt,train
0,0,0,0,0,0,0,paragraphs/paragraph_001404.txt,test
1,0,0,0,0,0,1,paragraphs/paragraph_001405.txt,test
0,0,0,0,0,0,0,paragraphs/paragraph_001406.txt,train
0,1,1,0,0,0,1,paragraphs/paragraph_001407.txt,cal
0,0,0,0,0,0,0,paragraphs/paragraph_001408.txt,cal
1,0,0,0,0,0,1,paragraphs/paragraph_001409.txt,train
0,0,0,0,0,0,0,paragraphs/paragraph_001410.txt,cal
1,0,0,0,0,0,1,paragraphs/paragraph_001411.txt,train
0,0,0,0,0,0,0,paragraphs/paragraph_001412.txt,train
0,1,0,0,0,0,1,paragraphs/paragraph_001413.txt,train
0,0,0,0,0,0,0,paragraphs/paragraph_001414.txt,train
1,0,0,0,0,0,1,paragraphs/paragraph_001415.txt,train
0,0,0,0,0,0,0,paragraphs/paragraph_001416.txt,cal
1,0,0,0,0,0,1,paragraphs/paragraph_001417.txt,train
0,0,0,0,0,0,0,paragraphs/paragraph_001418.txt,train
1,0,0,0,0,0,1,paragraphs/paragraph_001419.txt,train
0,0,0,0,0,0,0,paragraphs/paragraph_001420.txt,cal
1,0,0,0,0,0,1,paragraphs/paragraph_001421.txt,train
0,0,0,0,0,0,0,paragraphs/paragraph_001422.txt,train
0,1,0,1,0,1,1,paragraphs/paragraph_001423.txt,train
0,0,0,0,0,0,0,paragraphs/paragraph_001424.txt,train
1,0,0,0,0,1,1,paragraphs/paragraph_001425.txt,cal
0,0,0,0,0,0,0,paragraphs/paragraph_001426.txt,cal
1,0,0,0,0,0,1,paragraphs/paragraph_001427.txt,train
0,0,0,0,0,0,0,paragraphs/paragraph_001428.txt,cal
1,0,0,0,0,1,1,paragraphs/paragraph_001429.txt,test
0,0,0,0,0,0,0,paragraphs/paragraph_001430.txt,cal
1,0,0,0,1,0,1,paragraphs/paragraph_001431.txt,train
0,0,0,0,0,0,0,paragraphs/paragraph_001432.txt,train
0,1,0,0,0,0,1,paragraphs/paragraph_001433.txt,train
0,0,0,0,0,0,0,paragraphs/paragraph_001434.txt,test
1,0,0,0,0,0,1,paragraphs/paragraph_001435.txt,train
0,0,0,0,0,0,0,paragraphs/paragraph_001436.txt,train
1,0,0,0,0,0,1,paragraphs/paragraph_001437.txt,train
0,0,0,0,0,0,0,paragraphs/paragraph_001438.txt,test
0,1,0,0,0,0,1,paragraphs/paragraph_001439.txt,train
0,0,0,0,0,0,0,paragraphs/paragraph_001440.txt,test
1,0,0,0,0,0,1,paragraphs/paragraph_001441.txt,cal
0,0,0,0,0,0,0,paragraphs/paragraph_001442.txt,train
0,1,0,0,0,0,1,paragraphs/paragraph_001443.txt,test
0,0,0,0,0,0,0,paragraphs/paragraph_001444.txt,train
1,0,0,0,0,1,1,paragraphs/paragraph_001445.txt,cal
0,0,0,0,0,0,0,paragraphs/paragraph_001446.txt,train
1,0,0,0,0,0,1,paragraphs/paragraph_001447.txt,test
0,0,0,0,0,0,0,paragraphs/paragraph_001448.txt,cal
1,0,0,0,0,0,1,paragraphs/paragraph_001449.txt,cal
0,0,0,0,0,0,0,paragraphs/paragraph_001450.txt,test
1,0,1,0,0,0,1,paragraphs/paragraph_001451.txt,train
0,0,0,0,0,0,0,paragraphs/paragraph_001452.txt,test
1,0,0,0,0,0,1,paragraphs/paragraph_001453.txt,cal
0,0,0,0,0,0,0,paragraphs/paragraph_001454.txt,train
1,0,0,0,1,0,1,paragraphs/paragraph_001455.txt,train
0,0,0,0,0,0,0,paragraphs/paragraph_001456.txt,cal
1,0,0,0,0,0,1,paragraphs/paragraph_001457.txt,test
0,0,0,0,0,0,0,paragraphs/paragraph_001458.txt,test
1,0,0,0,0,0,1,paragraphs/paragraph_001459.txt,train
0,0,0,0,0,0,0,paragraphs/paragraph_001460.txt,test
0,1,0,0,0,0,1,paragraphs/paragraph_001461.txt,train
0,0,0,0,0,0,0,paragraphs/paragraph_001462.txt,test
1,0,0,0,0,0,1,paragraphs/paragraph_001463.txt,train
0,0,0,0,0,0,0,paragraphs/paragraph_001464.txt,test
1,0,0,0,0,0,1,paragraphs/paragraph_001465.txt,cal
0,0,0,0,0,0,0,paragraphs/paragraph_001466.txt,train
1,0,0,0,0,0,1,paragraphs/paragraph_001467.txt,cal
0,0,0,0,0,0,0,paragraphs/paragraph_001468.txt,train
0,1,0,0,0,0,1,paragraphs/paragraph_001469.txt,cal
0,0,0,0,0,0,0,paragraphs/paragraph_001470.txt,test
1,0,0,0,0,0,1,paragraphs/paragraph_001471.txt,train
0,0,0,0,0,0,0,paragraphs/paragraph_001472.txt,test
1,0,0,0,0,0,1,paragraphs/paragraph_001473.txt,cal
0,0,0,0,0,0,0,paragraphs/paragraph_001474.txt,train
1,0,0,0,0,0,1,paragraphs/paragraph_001475.txt,train
0,0,0,0,0,0,0,paragraphs/paragraph_001476.txt,test
1,0,0,0,0,1,1,paragraphs/paragraph_001477.txt,cal
0,0,0,0,0,0,0,paragraphs/paragraph_001478.txt,test
1,0,0,0,0,1,1,paragraphs/paragraph_001479.txt,test
0,0,0,0,0,0,0,paragraphs/paragraph_001480.txt,train
1,0,0,0,0,0,1,paragraphs/paragraph_001481.txt,cal
0,0,0,0,0,0,0,paragraphs/paragraph_001482.txt,train
1,0,0,0,0,0,1,paragraphs/paragraph_001483.txt,train
0,0,0,0,0,0,0,paragraphs/paragraph_001484.txt,train
1,0,0,0,0,0,1,paragraphs/paragraph_001485.txt,train
0,0,0,0,0,0,0,paragraphs/paragraph_001486.txt,train
1,0,0,0,0,0,1,paragraphs/paragraph_001487.txt,train
0,0,0,0,0,0,0,paragraphs/paragraph_001488.txt,test
1,0,0,0,0,0,1,paragraphs/paragraph_001489.txt,train
0,0,0,0,0,0,0,paragraphs/paragraph_001490.txt,train
1,0,0,0,0,0,1,paragraphs/paragraph_001491.txt,train
0,0,0,0,0,0,0,paragraphs/paragraph_001492.txt,train
1,0,0,0,1,0,1,paragraphs/paragraph_001493.txt,train
0,0,0,0,0,0,0,paragraphs/paragraph_001494.txt,train
1,0,0,0,0,0,1,paragraphs/paragraph_001495.txt,test
0,0,0,0,0,0,0,paragraphs/paragraph_001496.txt,test
0,1,0,0,0,0,1,paragraphs/paragraph_001497.txt,test
0,0,0,0,0,0,0,paragraphs/paragraph_001498.txt,train
1,0,0,0,0,0,1,paragraphs/paragraph_001499.txt,train
0,0,0,0,0,0,0,paragraphs/paragraph_001500.txt,cal
1,0,0,0,0,0,1,paragraphs/paragraph_001501.txt,train
0,0,0,0,0,0,0,paragraphs/paragraph_001502.txt,train
1,0,0,0,0,0,1,paragraphs/paragraph_001503.txt,train
0,0,0,0,0,0,0,paragraphs/paragraph_001504.txt,train
1,0,0,0,0,0,1,paragraphs/paragraph_001505.txt,train
0,0,0,0,0,0,0,paragraphs/paragraph_001506.txt,train
1,0,0,0,0,0,1,paragraphs/paragraph_001507.txt,train
0,0,0,0,0,0,0,paragraphs/paragraph_001508.txt,train
0,1,0,0,1,0,1,paragraphs/paragraph_001509.txt,test
0,0,0,0,0,0,0,paragraphs/paragraph_001510.txt,test
1,0,0,0,0,0,1,paragraphs/paragraph_001511.txt,cal
0,0,0,0,0,0,0,paragraphs/paragraph_001512.txt,test
0,1,0,0,0,0,1,paragraphs/paragraph_001513.txt,cal
0,0,0,0,0,0,0,paragraphs/paragraph_001514.txt,train
1,0,0,0,0,1,1,paragraphs/paragraph_001515.txt,train
0,0,0,0,0,0,0,paragraphs/paragraph_001516.txt,train
0,1,0,0,0,0,1,paragraphs/paragraph_001517.txt,test
0,0,0,0,0,0,0,paragraphs/paragraph_001518.txt,cal
0,1,0,0,0,0,1,paragraphs/paragraph_001519.txt,train
0,0,0,0,0,0,0,paragraphs/paragraph_001520.txt,cal
1,0,0,0,1,0,1,paragraphs/paragraph_001521.txt,train
0,0,0,0,0,0,0,paragraphs/paragraph_001522.txt,cal
1,0,0,0,0,1,1,paragraphs/paragraph_001523.txt,train
0,0,0,0,0,0,0,paragraphs/paragraph_001524.txt,train
1,0,0,0,1,0,1,paragraphs/paragraph_001525.txt,train
0,0,0,0,0,0,0,paragraphs/paragraph_001526.txt,train
1,0,0,0,0,0,1,paragraphs/paragraph_001527.txt,train
0,0,0,0,0,0,0,paragraphs/paragraph_001528.txt,train
1,0,0,0,1,0,1,paragraphs/paragraph_001529.txt,cal
0,0,0,0,0,0,0,paragraphs/paragraph_001530.txt,train
1,0,0,0,0,0,1,paragraphs/paragraph_001531.txt,train
0,0,0,0,0,0,0,paragraphs/paragraph_001532.txt,test
0,1,0,0,0,0,1,paragraphs/paragraph_001533.txt,test
0,0,0,0,0,0,0,paragraphs/paragraph_001534.txt,train
0,1,0,0,0,0,1,paragraphs/paragraph_001535.txt,train
0,0,0,0,0,0,0,paragraphs/paragraph_001536.txt,train
1,0,0,0,0,0,1,paragraphs/paragraph_001537.txt,train
0,0,0,0,0,0,0,paragraphs/paragraph_001538.txt,test
1,0,0,0,0,0,1,paragraphs/paragraph_001539.txt,train
0,0,0,0,0,0,0,paragraphs/paragraph_001540.txt,train
1,0,0,0,0,0,1,paragraphs/paragraph_001541.txt,test
0,0,0,0,0,0,0,paragraphs/paragraph_001542.txt,train
1,0,0,0,0,0,1,paragraphs/paragraph_001543.txt,train
0,0,0,0,0,0,0,paragraphs/paragraph_001544.txt,train
0,1,0,0,0,0,1,paragraphs/paragraph_001545.txt,cal
0,0,0,0,0,0,0,paragraphs/paragraph_001546.txt,train
1,0,0,0,0,0,1,paragraphs/paragraph_001547.txt,cal
0,0,0,0,0,0,0,paragraphs/paragraph_001548.txt,train
0,1,0,0,0,0,1,paragraphs/paragraph_001549.txt,train
0,0,0,0,0,0,0,paragraphs/paragraph_001550.txt,test
1,0,0,0,0,0,1,paragraphs/paragraph_001551.txt,cal
0,0,0,0,0,0,0,paragraphs/paragraph_001552.txt,test
1,0,0,0,0,1,1,paragraphs/paragraph_001553.txt,cal
0,0,0,0,0,0,0,paragraphs/paragraph_001554.txt,cal
1,0,0,0,0,0,1,paragraphs/paragraph_001555.txt,train
0,0,0,0,0,0,0,paragraphs/paragraph_001556.txt,train
1,0,0,0,1,0,1,paragraphs/paragraph_001557.txt,test
0,0,0,0,0,0,0,paragraphs/paragraph_001558.txt,train
1,0,0,0,0,1,1,paragraphs/paragraph_001559.txt,cal
0,0,0,0,0,0,0,paragraphs/paragraph_001560.txt,cal
0,1,0,0,0,0,1,paragraphs/paragraph_001561.txt,train
0,0,0,0,0,0,0,paragraphs/paragraph_001562.txt,train
1,0,0,0,0,0,1,paragraphs/paragraph_001563.txt,test
0,0,0,0,0,0,0,paragraphs/paragraph_001564.txt,train
0,1,0,0,0,0,1,paragraphs/paragraph_001565.txt,cal
0,0,0,0,0,0,0,paragraphs/paragraph_001566.txt,train
1,0,0,0,0,1,1,paragraphs/paragraph_001567.txt,test
0,0,0,0,0,0,0,paragraphs/paragraph_001568.txt,train
1,0,0,0,0,0,1,paragraphs/paragraph_001569.txt,test
0,0,0,0,0,0,0,paragraphs/paragraph_001570.txt,train
1,0,0,0,0,0,1,paragraphs/paragraph_001571.txt,train
0,0,0,0,0,0,0,paragraphs/paragraph_001572.txt,train
0,1,0,0,0,0,1,paragraphs/paragraph_001573.txt,test
0,0,0,0,0,0,0,paragraphs/paragraph_001574.txt,cal
1,0,0,0,0,0,1,paragraphs/paragraph_001575.txt,train
0,0,0,0,0,0,0,paragraphs/paragraph_001576.txt,train
1,0,0,0,0,0,1,paragraphs/paragraph_001577.txt,train
0,0,0,0,0,0,0,paragraphs/paragraph_001578.txt,test
1,0,0,0,0,0,1,paragraphs/paragraph_001579.txt,test
0,0,0,0,0,0,0,paragraphs/paragraph_001580.txt,train
1,0,0,1,0,1,1,paragraphs/paragraph_001581.txt,train
0,0,0,0,0,0,0,paragraphs/paragraph_001582.txt,train
0,1,0,0,0,0,1,paragraphs/paragraph_001583.txt,train
0,0,0,0,0,0,0,paragraphs/paragraph_001584.txt,train
1,0,0,0,0,0,1,paragraphs/paragraph_001585.txt,cal
0,0,0,0,0,0,0,paragraphs/paragraph_001586.txt,train
1,0,0,0,1,0,1,paragraphs/paragraph_001587.txt,test
0,0,0,0,0,0,0,paragraphs/paragraph_001588.txt,train
1,0,0,0,0,0,1,paragraphs/paragraph_001589.txt,train
0,0,0,0,0,0,0,paragraphs/paragraph_001590.txt,test
1,0,0,0,0,0,1,paragraphs/paragraph_001591.txt,test
0,0,0,0,0,0,0,paragraphs/paragraph_001592.txt,cal
1,0,0,0,0,1,1,paragraphs/paragraph_001593.txt,train
0,0,0,0,0,0,0,paragraphs/paragraph_001594.txt,train
1,0,0,0,0,0,1,paragraphs/paragraph_001595.txt,test
0,0,0,0,0,0,0,paragraphs/paragraph_001596.txt,train
0,1,0,0,0,0,1,paragraphs/paragraph_001597.txt,train
0,0,0,0,0,0,0,paragraphs/paragraph_001598.txt,train
1,0,0,0,0,0,1,paragraphs/paragraph_001599.txt,train
0,0,0,0,0,0,0,paragraphs/paragraph_001600.txt,cal
1,0,0,0,0,0,1,paragraphs/paragraph_001601.txt,train
0,0,0,0,0,0,0,paragraphs/paragraph_001602.txt,train
1,0,0,0,0,0,1,paragraphs/paragraph_001603.txt,train
0,0,0,0,0,0,0,paragraphs/paragraph_001604.txt,train
1,0,0,0,0,1,1,paragraphs/paragraph_001605.txt,train
0,0,0,0,0,0,0,paragraphs/paragraph_001606.txt,train
1,0,0,0,0,1,1,paragraphs/paragraph_001607.txt,train
0,0,0,0,0,0,0,paragraphs/paragraph_001608.txt,cal
1,0,0,0,0,0,1,paragraphs/paragraph_001609.txt,train
0,0,0,0,0,0,0,paragraphs/paragraph_001610.txt,train
1,0,0,0,0,0,1,paragraphs/paragraph_001611.txt,cal
0,0,0,0,0,0,0,paragraphs/paragraph_001612.txt,test
1,0,0,0,0,1,1,paragraphs/paragraph_001613.txt,train
0,0,0,0,0,0,0,paragraphs/paragraph_001614.txt,train
1,0,0,0,0,0,1,paragraphs/paragraph_001615.txt,train
0,0,0,0,0,0,0,paragraphs/paragraph_001616.txt,test
1,0,0,0,0,1,1,paragraphs/paragraph_001617.txt,cal
0,0,0,0,0,0,0,paragraphs/paragraph_001618.txt,test
1,0,0,0,0,0,1,paragraphs/paragraph_001619.txt,train
0,0,0,0,0,0,0,paragraphs/paragraph_001620.txt,test
0,1,0,0,0,0,1,paragraphs/paragraph_001621.txt,train
0,0,0,0,0,0,0,paragraphs/paragraph_001622.txt,train
1,0,0,0,1,0,1,paragraphs/paragraph_001623.txt,train
0,0,0,0,0,0,0,paragraphs/paragraph_001624.txt,cal
1,0,0,0,0,0,1,paragraphs/paragraph_001625.txt,train
0,0,0,0,0,0,0,paragraphs/paragraph_001626.txt,test
1,0,0,0,0,0,1,paragraphs/paragraph_001627.txt,train
0,0,0,0,0,0,0,paragraphs/paragraph_001628.txt,train
1,0,0,0,0,0,1,paragraphs/paragraph_001629.txt,train
0,0,0,0,0,0,0,paragraphs/paragraph_001630.txt,train
1,0,0,0,0,0,1,paragraphs/paragraph_001631.txt,test
0,0,0,0,0,0,0,paragraphs/paragraph_001632.txt,train
0,1,0,0,0,0,1,paragraphs/paragraph_001633.txt,test
0,0,0,0,0,0,0,paragraphs/paragraph_001634.txt,test
1,0,0,0,0,0,1,paragraphs/paragraph_001635.txt,cal
0,0,0,0,0,0,0,paragraphs/paragraph_001636.txt,train
1,0,0,0,0,0,1,paragraphs/paragraph_001637.txt,train
0,0,0,0,0,0,0,paragraphs/paragraph_001638.txt,train
0,1,0,0,0,0,1,paragraphs/paragraph_001639.txt,cal
0,0,0,0,0,0,0,paragraphs/paragraph_001640.txt,cal
1,0,0,0,0,0,1,paragraphs/paragraph_001641.txt,train
0,0,0,0,0,0,0,paragraphs/paragraph_001642.txt,cal
1,0,0,0,0,0,1,paragraphs/paragraph_001643.txt,train
0,0,0,0,0,0,0,paragraphs/paragraph_001644.txt,test
1,0,1,0,0,0,1,paragraphs/paragraph_001645.txt,train
0,0,0,0,0,0,0,paragraphs/paragraph_001646.txt,test
1,0,0,0,0,0,1,paragraphs/paragraph_001647.txt,train
0,0,0,0,0,0,0,paragraphs/paragraph_001648.txt,cal
1,0,0,0,0,0,1,paragraphs/paragraph_001649.txt,test
0,0,0,0,0,0,0,paragraphs/paragraph_001650.txt,test
1,0,0,0,0,0,1,paragraphs/paragraph_001651.txt,train
0,0,0,0,0,0,0,paragraphs/paragraph_001652.txt,train
0,1,0,0,0,0,1,paragraphs/paragraph_001653.txt,train
0,0,0,0,0,0,0,paragraphs/paragraph_001654.txt,train
1,0,0,0,0,0,1,paragraphs/paragraph_001655.txt,train
0,0,0,0,0,0,0,paragraphs/paragraph_001656.txt,cal
1,0,0,0,0,0,1,paragraphs/paragraph_001657.txt,train
0,0,0,0,0,0,0,paragraphs/paragraph_001658.txt,train
1,0,0,0,0,0,1,paragraphs/paragraph_001659.txt,train
0,0,0,0,0,0,0,paragraphs/paragraph_001660.txt,train
1,0,0,0,0,0,1,paragraphs/paragraph_001661.txt,test
0,0,0,0,0,0,0,paragraphs/paragraph_001662.txt,train
1,0,0,0,0,1,1,paragraphs/paragraph_001663.txt,cal
0,0,0,0,0,0,0,paragraphs/paragraph_001664.txt,train
1,0,0,0,0,0,1,paragraphs/paragraph_001665.txt,cal
0,0,0,0,0,0,0,paragraphs/paragraph_001666.txt,cal
1,0,0,0,0,1,1,paragraphs/paragraph_001667.txt,train
0,0,0,0,0,0,0,paragraphs/paragraph_001668.txt,cal
0,1,0,0,0,1,1,paragraphs/paragraph_001669.txt,train
0,0,0,0,0,0,0,paragraphs/paragraph_001670.txt,cal
1,0,0,0,0,0,1,paragraphs/paragraph_001671.txt,train
0,0,0,0,0,0,0,paragraphs/paragraph_001672.txt,cal
1,0,0,0,0,0,1,paragraphs/paragraph_001673.txt,cal
0,0,0,0,0,0,0,paragraphs/paragraph_001674.txt,cal
0,1,0,0,0,0,1,paragraphs/paragraph_001675.txt,test
0,0,0,0,0,0,0,paragraphs/paragraph_001676.txt,train
1,0,0,0,0,0,1,paragraphs/paragraph_001677.txt,train
0,0,0,0,0,0,0,paragraphs/paragraph_001678.txt,train
1,0,0,0,0,0,1,paragraphs/paragraph_001679.txt,train
0,0,0,0,0,0,0,paragraphs/paragraph_001680.txt,test
1,0,0,0,0,0,1,paragraphs/paragraph_001681.txt,train
0,0,0,0,0,0,0,paragraphs/paragraph_001682.txt,cal
1,0,0,0,0,0,1,paragraphs/paragraph_001683.txt,test
0,0,0,0,0,0,0,paragraphs/paragraph_001684.txt,cal
1,0,0,0,1,0,1,paragraphs/paragraph_001685.txt,train
0,0,0,0,0,0,0,paragraphs/paragraph_001686.txt,cal
1,0,0,0,0,0,1,paragraphs/paragraph_001687.txt,cal
0,0,0,0,0,0,0,paragraphs/paragraph_001688.txt,train
1,0,0,0,0,0,1,paragraphs/paragraph_001689.txt,test
0,0,0,0,0,0,0,paragraphs/paragraph_001690.txt,test
1,0,0,0,0,0,1,paragraphs/paragraph_001691.txt,train
0,0,0,0,0,0,0,paragraphs/paragraph_001692.txt,train
0,1,0,0,0,0,1,paragraphs/paragraph_001693.txt,train
0,0,0,0,0,0,0,paragraphs/paragraph_001694.txt,train
0,1,0,0,0,0,1,paragraphs/paragraph_001695.txt,train
0,0,0,0,0,0,0,paragraphs/paragraph_001696.txt,train
1,0,0,0,0,0,1,paragraphs/paragraph_001697.txt,train
0,0,0,0,0,0,0,paragraphs/paragraph_001698.txt,train
1,0,0,0,0,0,1,paragraphs/paragraph_001699.txt,cal
0,0,0,0,0,0,0,paragraphs/paragraph_001700.txt,train
1,0,0,0,0,1,1,paragraphs/paragraph_001701.txt,cal
0,0,0,0,0,0,0,paragraphs/paragraph_001702.txt,train
1,0,0,0,0,0,1,paragraphs/paragraph_001703.txt,train
0,0,0,0,0,0,0,paragraphs/paragraph_001704.txt,train
1,0,0,0,0,1,1,paragraphs/paragraph_001705.txt,train
0,0,0,0,0,0,0,paragraphs/paragraph_001706.txt,train
1,0,0,0,0,0,1,paragraphs/paragraph_001707.txt,test
0,0,0,0,0,0,0,paragraphs/paragraph_001708.txt,train
1,0,0,0,0,0,1,paragraphs/paragraph_001709.txt,test
0,0,0,0,0,0,0,paragraphs/paragraph_001710.txt,test
1,0,0,0,0,0,1,paragraphs/paragraph_001711.txt,train
0,0,0,0,0,0,0,paragraphs/paragraph_001712.txt,train
1,0,0,0,0,0,1,paragraphs/paragraph_001713.txt,test
0,0,0,0,0,0,0,paragraphs/paragraph_001714.txt,train
1,0,0,0,0,0,1,paragraphs/paragraph_001715.txt,train
0,0,0,0,0,0,0,paragraphs/paragraph_001716.txt,cal
1,0,0,0,0,0,1,paragraphs/paragraph_001717.txt,train
0,0,0,0,0,0,0,paragraphs/paragraph_001718.txt,test
1,0,0,0,0,1,1,paragraphs/paragraph_001719.txt,cal
0,0,0,0,0,0,0,paragraphs/paragraph_001720.txt,train
1,0,0,0,0,1,1,paragraphs/paragraph_001721.txt,train
0,0,0,0,0,0,0,paragraphs/paragraph_001722.txt,train
1,0,0,0,0,0,1,paragraphs/paragraph_001723.txt,train
0,0,0,0,0,0,0,paragraphs/paragraph_001724.txt,train
1,0,0,0,0,1,1,paragraphs/paragraph_001725.txt,test
0,0,0,0,0,0,0,paragraphs/paragraph_001726.txt,train
1,0,0,0,0,1,1,paragraphs/paragraph_001727.txt,train
0,0,0,0,0,0,0,paragraphs/paragraph_001728.txt,cal
0,1,0,0,0,0,1,paragraphs/paragraph_001729.txt,cal
0,0,0,0,0,0,0,paragraphs/paragraph_001730.txt,test
1,0,0,0,0,0,1,paragraphs/paragraph_001731.txt,train
0,0,0,0,0,0,0,paragraphs/paragraph_001732.txt,test
1,0,0,0,0,0,1,paragraphs/paragraph_001733.txt,train
0,0,0,0,0,0,0,paragraphs/paragraph_001734.txt,train
