image_path,class,color::blue,color::green,color::red,shape::cube,shape::cylinder,shape::sphere,split
images/CLEVR_new_000000.png,green_sphere,0,1,0,0,0,1,train
images/CLEVR_new_000001.png,blue_sphere,1,0,0,0,0,1,test
images/CLEVR_new_000002.png,blue_cube,1,0,0,1,0,0,train
images/CLEVR_new_000003.png,red_cylinder,0,0,1,0,1,0,train
images/CLEVR_new_000004.png,red_cylinder,0,0,1,0,1,0,train
images/CLEVR_new_000005.png,blue_cube,1,0,0,1,0,0,train
images/CLEVR_new_000006.png,green_cube,0,1,0,1,0,0,train
images/CLEVR_new_000007.png,green_sphere,0,1,0,0,0,1,test
images/CLEVR_new_000008.png,blue_cube,1,0,0,1,0,0,train
images/CLEVR_new_000009.png,green_sphere,0,1,0,0,0,1,train
images/CLEVR_new_000010.png,blue_cylinder,1,0,0,0,1,0,train
images/CLEVR_new_000011.png,green_cube,0,1,0,1,0,0,test
images/CLEVR_new_000012.png,green_cube,0,1,0,1,0,0,test
images/CLEVR_new_000013.png,blue_cylinder,1,0,0,0,1,0,train
images/CLEVR_new_000014.png,red_cylinder,0,0,1,0,1,0,train
images/CLEVR_new_000015.png,blue_sphere,1,0,0,0,0,1,train
images/CLEVR_new_000016.png,green_sphere,0,1,0,0,0,1,train
images/CLEVR_new_000017.png,blue_sphere,1,0,0,0,0,1,train
images/CLEVR_new_000018.png,blue_cylinder,1,0,0,0,1,0,train
images/CLEVR_new_000019.png,blue_sphere,1,0,0,0,0,1,train
images/CLEVR_new_000020.png,green_cylinder,0,1,0,0,1,0,train
images/CLEVR_new_000021.png,red_sphere,0,0,1,0,0,1,train
images/CLEVR_new_000022.png,blue_cylinder,1,0,0,0,1,0,train
images/CLEVR_new_000023.png,blue_cube,1,0,0,1,0,0,train
images/CLEVR_new_000024.png,green_sphere,0,1,0,0,0,1,train
images/CLEVR_new_000025.png,green_cylinder,0,1,0,0,1,0,train
images/CLEVR_new_000026.png,blue_cylinder,1,0,0,0,1,0,train
images/CLEVR_new_000027.png,blue_sphere,1,0,0,0,0,1,train
images/CLEVR_new_000028.png,blue_sphere,1,0,0,0,0,1,train
images/CLEVR_new_000029.png,blue_sphere,1,0,0,0,0,1,train
images/CLEVR_new_000030.png,red_cube,0,0,1,1,0,0,train
images/CLEVR_new_000031.png,green_cylinder,0,1,0,0,1,0,train
images/CLEVR_new_000032.png,blue_cylinder,1,0,0,0,1,0,train
images/CLEVR_new_000033.png,blue_cube,1,0,0,1,0,0,test
images/CLEVR_new_000034.png,green_cylinder,0,1,0,0,1,0,test
images/CLEVR_new_000035.png,green_cylinder,0,1,0,0,1,0,test
images/CLEVR_new_000036.png,green_sphere,0,1,0,0,0,1,train
images/CLEVR_new_000037.png,green_cylinder,0,1,0,0,1,0,train
images/CLEVR_new_000038.png,green_cube,0,1,0,1,0,0,train
images/CLEVR_new_000039.png,red_sphere,0,0,1,0,0,1,train
images/CLEVR_new_000040.png,green_sphere,0,1,0,0,0,1,train
images/CLEVR_new_000041.png,red_cube,0,0,1,1,0,0,train
images/CLEVR_new_000042.png,green_cylinder,0,1,0,0,1,0,train
images/CLEVR_new_000043.png,red_cube,0,0,1,1,0,0,test
images/CLEVR_new_000044.png,green_cylinder,0,1,0,0,1,0,train
images/CLEVR_new_000045.png,green_cube,0,1,0,1,0,0,train
images/CLEVR_new_000046.png,green_sphere,0,1,0,0,0,1,train
images/CLEVR_new_000047.png,blue_sphere,1,0,0,0,0,1,train
images/CLEVR_new_000048.png,green_cylinder,0,1,0,0,1,0,train
images/CLEVR_new_000049.png,green_sphere,0,1,0,0,0,1,train
images/CLEVR_new_000050.png,green_cube,0,1,0,1,0,0,test
images/CLEVR_new_000051.png,blue_cylinder,1,0,0,0,1,0,train
images/CLEVR_new_000052.png,red_sphere,0,0,1,0,0,1,test
images/CLEVR_new_000053.png,blue_sphere,1,0,0,0,0,1,test
images/CLEVR_new_000054.png,blue_sphere,1,0,0,0,0,1,train
images/CLEVR_new_000055.png,green_sphere,0,1,0,0,0,1,test
images/CLEVR_new_000056.png,red_sphere,0,0,1,0,0,1,train
images/CLEVR_new_000057.png,red_sphere,0,0,1,0,0,1,train
images/CLEVR_new_000058.png,green_sphere,0,1,0,0,0,1,train
images/CLEVR_new_000059.png,blue_cube,1,0,0,1,0,0,train
images/CLEVR_new_000060.png,red_sphere,0,0,1,0,0,1,train
images/CLEVR_new_000061.png,blue_cube,1,0,0,1,0,0,train
images/CLEVR_new_000062.png,green_cube,0,1,0,1,0,0,test
images/CLEVR_new_000063.png,blue_sphere,1,0,0,0,0,1,train
images/CLEVR_new_000064.png,green_sphere,0,1,0,0,0,1,train
images/CLEVR_new_000065.png,blue_cylinder,1,0,0,0,1,0,train
images/CLEVR_new_000066.png,blue_cube,1,0,0,1,0,0,train
images/CLEVR_new_000067.png,green_cylinder,0,1,0,0,1,0,test
images/CLEVR_new_000068.png,red_sphere,0,0,1,0,0,1,train
images/CLEVR_new_000069.png,blue_sphere,1,0,0,0,0,1,test
images/CLEVR_new_000070.png,red_cube,0,0,1,1,0,0,train
images/CLEVR_new_000071.png,red_cube,0,0,1,1,0,0,train
images/CLEVR_new_000072.png,blue_cylinder,1,0,0,0,1,0,train
images/CLEVR_new_000073.png,green_cylinder,0,1,0,0,1,0,test
images/CLEVR_new_000074.png,blue_sphere,1,0,0,0,0,1,train
images/CLEVR_new_000075.png,blue_cylinder,1,0,0,0,1,0,train
images/CLEVR_new_000076.png,blue_cube,1,0,0,1,0,0,train
images/CLEVR_new_000077.png,green_cube,0,1,0,1,0,0,train
images/CLEVR_new_000078.png,blue_cube,1,0,0,1,0,0,train
images/CLEVR_new_000079.png,red_cube,0,0,1,1,0,0,train
images/CLEVR_new_000080.png,red_sphere,0,0,1,0,0,1,test
images/CLEVR_new_000081.png,blue_sphere,1,0,0,0,0,1,train
images/CLEVR_new_000082.png,blue_sphere,1,0,0,0,0,1,train
images/CLEVR_new_000083.png,green_cube,0,1,0,1,0,0,train
images/CLEVR_new_000084.png,blue_cube,1,0,0,1,0,0,train
images/CLEVR_new_000085.png,blue_sphere,1,0,0,0,0,1,train
images/CLEVR_new_000086.png,red_cube,0,0,1,1,0,0,train
images/CLEVR_new_000087.png,red_cube,0,0,1,1,0,0,train
images/CLEVR_new_000088.png,blue_cylinder,1,0,0,0,1,0,test
images/CLEVR_new_000089.png,blue_cylinder,1,0,0,0,1,0,train
images/CLEVR_new_000090.png,blue_cylinder,1,0,0,0,1,0,train
images/CLEVR_new_000091.png,blue_cube,1,0,0,1,0,0,train
images/CLEVR_new_000092.png,red_cylinder,0,0,1,0,1,0,train
images/CLEVR_new_000093.png,red_sphere,0,0,1,0,0,1,train
images/CLEVR_new_000094.png,red_cylinder,0,0,1,0,1,0,train
images/CLEVR_new_000095.png,green_cylinder,0,1,0,0,1,0,train
images/CLEVR_new_000096.png,red_sphere,0,0,1,0,0,1,train
images/CLEVR_new_000097.png,blue_cube,1,0,0,1,0,0,train
images/CLEVR_new_000098.png,green_cylinder,0,1,0,0,1,0,train
images/CLEVR_new_000099.png,green_sphere,0,1,0,0,0,1,train
images/CLEVR_new_000100.png,red_sphere,0,0,1,0,0,1,train
images/CLEVR_new_000101.png,green_cylinder,0,1,0,0,1,0,train
images/CLEVR_new_000102.png,green_sphere,0,1,0,0,0,1,train
images/CLEVR_new_000103.png,green_sphere,0,1,0,0,0,1,train
images/CLEVR_new_000104.png,green_cube,0,1,0,1,0,0,test
images/CLEVR_new_000105.png,green_sphere,0,1,0,0,0,1,train
images/CLEVR_new_000106.png,red_cylinder,0,0,1,0,1,0,train
images/CLEVR_new_000107.png,red_cube,0,0,1,1,0,0,train
images/CLEVR_new_000108.png,green_sphere,0,1,0,0,0,1,train
images/CLEVR_new_000109.png,red_cube,0,0,1,1,0,0,train
images/CLEVR_new_000110.png,red_sphere,0,0,1,0,0,1,train
images/CLEVR_new_000111.png,green_cylinder,0,1,0,0,1,0,train
images/CLEVR_new_000112.png,blue_cylinder,1,0,0,0,1,0,test
images/CLEVR_new_000113.png,green_cube,0,1,0,1,0,0,test
images/CLEVR_new_000114.png,red_sphere,0,0,1,0,0,1,train
images/CLEVR_new_000115.png,blue_cube,1,0,0,1,0,0,test
images/CLEVR_new_000116.png,red_cube,0,0,1,1,0,0,test
images/CLEVR_new_000117.png,red_cylinder,0,0,1,0,1,0,train
images/CLEVR_new_000118.png,red_sphere,0,0,1,0,0,1,test
images/CLEVR_new_000119.png,blue_cylinder,1,0,0,0,1,0,train
images/CLEVR_new_000120.png,red_cylinder,0,0,1,0,1,0,test
images/CLEVR_new_000121.png,red_cube,0,0,1,1,0,0,test
images/CLEVR_new_000122.png,green_cylinder,0,1,0,0,1,0,train
images/CLEVR_new_000123.png,green_sphere,0,1,0,0,0,1,train
images/CLEVR_new_000124.png,blue_sphere,1,0,0,0,0,1,train
images/CLEVR_new_000125.png,red_cube,0,0,1,1,0,0,train
images/CLEVR_new_000126.png,red_cube,0,0,1,1,0,0,test
images/CLEVR_new_000127.png,blue_cube,1,0,0,1,0,0,test
images/CLEVR_new_000128.png,green_cube,0,1,0,1,0,0,train
images/CLEVR_new_000129.png,blue_cube,1,0,0,1,0,0,train
images/CLEVR_new_000130.png,blue_cylinder,1,0,0,0,1,0,train
images/CLEVR_new_000131.png,green_cylinder,0,1,0,0,1,0,train
images/CLEVR_new_000132.png,blue_cube,1,0,0,1,0,0,train
images/CLEVR_new_000133.png,green_cube,0,1,0,1,0,0,train
images/CLEVR_new_000134.png,blue_cube,1,0,0,1,0,0,test
images/CLEVR_new_000135.png,red_cylinder,0,0,1,0,1,0,train
images/CLEVR_new_000136.png,red_cube,0,0,1,1,0,0,train
images/CLEVR_new_000137.png,red_cylinder,0,0,1,0,1,0,train
images/CLEVR_new_000138.png,red_sphere,0,0,1,0,0,1,train
images/CLEVR_new_000139.png,green_cube,0,1,0,1,0,0,test
images/CLEVR_new_000140.png,blue_cube,1,0,0,1,0,0,test
images/CLEVR_new_000141.png,green_sphere,0,1,0,0,0,1,train
images/CLEVR_new_000142.png,blue_cylinder,1,0,0,0,1,0,train
images/CLEVR_new_000143.png,green_cube,0,1,0,1,0,0,train
images/CLEVR_new_000144.png,blue_sphere,1,0,0,0,0,1,train
images/CLEVR_new_000145.png,blue_cylinder,1,0,0,0,1,0,train
images/CLEVR_new_000146.png,blue_cylinder,1,0,0,0,1,0,train
images/CLEVR_new_000147.png,green_sphere,0,1,0,0,0,1,train
images/CLEVR_new_000148.png,green_cylinder,0,1,0,0,1,0,train
images/CLEVR_new_000149.png,red_sphere,0,0,1,0,0,1,train
images/CLEVR_new_000150.png,green_sphere,0,1,0,0,0,1,test
images/CLEVR_new_000151.png,blue_cube,1,0,0,1,0,0,train
images/CLEVR_new_000152.png,red_cylinder,0,0,1,0,1,0,train
images/CLEVR_new_000153.png,green_cube,0,1,0,1,0,0,train
images/CLEVR_new_000154.png,green_cylinder,0,1,0,0,1,0,test
images/CLEVR_new_000155.png,red_cylinder,0,0,1,0,1,0,train
images/CLEVR_new_000156.png,red_sphere,0,0,1,0,0,1,train
images/CLEVR_new_000157.png,green_cylinder,0,1,0,0,1,0,train
images/CLEVR_new_000158.png,green_sphere,0,1,0,0,0,1,train
images/CLEVR_new_000159.png,red_sphere,0,0,1,0,0,1,train
images/CLEVR_new_000160.png,green_cylinder,0,1,0,0,1,0,train
images/CLEVR_new_000161.png,red_sphere,0,0,1,0,0,1,train
images/CLEVR_new_000162.png,green_sphere,0,1,0,0,0,1,train
images/CLEVR_new_000163.png,red_cylinder,0,0,1,0,1,0,train
images/CLEVR_new_000164.png,red_sphere,0,0,1,0,0,1,train
images/CLEVR_new_000165.png,green_sphere,0,1,0,0,0,1,test
images/CLEVR_new_000166.png,blue_cube,1,0,0,1,0,0,train
images/CLEVR_new_000167.png,blue_cylinder,1,0,0,0,1,0,train
images/CLEVR_new_000168.png,green_sphere,0,1,0,0,0,1,train
images/CLEVR_new_000169.png,blue_cylinder,1,0,0,0,1,0,train
images/CLEVR_new_000170.png,red_cube,0,0,1,1,0,0,train
images/CLEVR_new_000171.png,blue_cube,1,0,0,1,0,0,train
images/CLEVR_new_000172.png,red_sphere,0,0,1,0,0,1,train
images/CLEVR_new_000173.png,green_cylinder,0,1,0,0,1,0,train
images/CLEVR_new_000174.png,blue_cylinder,1,0,0,0,1,0,train
images/CLEVR_new_000175.png,green_cube,0,1,0,1,0,0,train
images/CLEVR_new_000176.png,green_sphere,0,1,0,0,0,1,train
images/CLEVR_new_000177.png,green_cylinder,0,1,0,0,1,0,train
images/CLEVR_new_000178.png,red_cube,0,0,1,1,0,0,test
images/CLEVR_new_000179.png,red_sphere,0,0,1,0,0,1,train
images/CLEVR_new_000180.png,blue_cube,1,0,0,1,0,0,train
images/CLEVR_new_000181.png,red_sphere,0,0,1,0,0,1,train
images/CLEVR_new_000182.png,red_cube,0,0,1,1,0,0,test
images/CLEVR_new_000183.png,red_cube,0,0,1,1,0,0,test
images/CLEVR_new_000184.png,green_sphere,0,1,0,0,0,1,train
images/CLEVR_new_000185.png,green_cylinder,0,1,0,0,1,0,train
images/CLEVR_new_000186.png,red_sphere,0,0,1,0,0,1,test
images/CLEVR_new_000187.png,blue_cube,1,0,0,1,0,0,train
images/CLEVR_new_000188.png,red_sphere,0,0,1,0,0,1,train
images/CLEVR_new_000189.png,green_cube,0,1,0,1,0,0,train
images/CLEVR_new_000190.png,green_cylinder,0,1,0,0,1,0,train
images/CLEVR_new_000191.png,blue_sphere,1,0,0,0,0,1,test
images/CLEVR_new_000192.png,blue_cylinder,1,0,0,0,1,0,test
images/CLEVR_new_000193.png,green_cube,0,1,0,1,0,0,train
images/CLEVR_new_000194.png,green_cube,0,1,0,1,0,0,train
images/CLEVR_new_000195.png,green_cylinder,0,1,0,0,1,0,train
images/CLEVR_new_000196.png,red_sphere,0,0,1,0,0,1,train
images/CLEVR_new_000197.png,green_sphere,0,1,0,0,0,1,test
images/CLEVR_new_000198.png,green_cube,0,1,0,1,0,0,test
images/CLEVR_new_000199.png,blue_cube,1,0,0,1,0,0,train
images/CLEVR_new_000200.png,red_sphere,0,0,1,0,0,1,train
images/CLEVR_new_000201.png,green_cube,0,1,0,1,0,0,train
images/CLEVR_new_000202.png,blue_cylinder,1,0,0,0,1,0,train
images/CLEVR_new_000203.png,blue_sphere,1,0,0,0,0,1,test
images/CLEVR_new_000204.png,green_sphere,0,1,0,0,0,1,train
images/CLEVR_new_000205.png,red_cylinder,0,0,1,0,1,0,train
images/CLEVR_new_000206.png,blue_cylinder,1,0,0,0,1,0,train
images/CLEVR_new_000207.png,blue_cylinder,1,0,0,0,1,0,train
images/CLEVR_new_000208.png,blue_cube,1,0,0,1,0,0,train
images/CLEVR_new_000209.png,green_sphere,0,1,0,0,0,1,train
images/CLEVR_new_000210.png,red_cube,0,0,1,1,0,0,train
images/CLEVR_new_000211.png,green_cube,0,1,0,1,0,0,train
images/CLEVR_new_000212.png,blue_cylinder,1,0,0,0,1,0,train
images/CLEVR_new_000213.png,green_cylinder,0,1,0,0,1,0,train
images/CLEVR_new_000214.png,green_cube,0,1,0,1,0,0,train
images/CLEVR_new_000215.png,red_cylinder,0,0,1,0,1,0,train
images/CLEVR_new_000216.png,red_cube,0,0,1,1,0,0,train
images/CLEVR_new_000217.png,blue_cylinder,1,0,0,0,1,0,train
images/CLEVR_new_000218.png,green_cylinder,0,1,0,0,1,0,train
images/CLEVR_new_000219.png,green_sphere,0,1,0,0,0,1,test
images/CLEVR_new_000220.png,green_sphere,0,1,0,0,0,1,train
images/CLEVR_new_000221.png,red_cylinder,0,0,1,0,1,0,train
images/CLEVR_new_000222.png,green_cube,0,1,0,1,0,0,train
images/CLEVR_new_000223.png,green_sphere,0,1,0,0,0,1,train
images/CLEVR_new_000224.png,red_cylinder,0,0,1,0,1,0,train
images/CLEVR_new_000225.png,green_sphere,0,1,0,0,0,1,train
images/CLEVR_new_000226.png,blue_cube,1,0,0,1,0,0,test
images/CLEVR_new_000227.png,green_cylinder,0,1,0,0,1,0,train
images/CLEVR_new_000228.png,green_cylinder,0,1,0,0,1,0,test
images/CLEVR_new_000229.png,red_cylinder,0,0,1,0,1,0,train
images/CLEVR_new_000230.png,blue_sphere,1,0,0,0,0,1,train
images/CLEVR_new_000231.png,green_sphere,0,1,0,0,0,1,train
images/CLEVR_new_000232.png,red_sphere,0,0,1,0,0,1,train
images/CLEVR_new_000233.png,green_cylinder,0,1,0,0,1,0,train
images/CLEVR_new_000234.png,red_sphere,0,0,1,0,0,1,train
images/CLEVR_new_000235.png,blue_sphere,1,0,0,0,0,1,train
images/CLEVR_new_000236.png,green_cylinder,0,1,0,0,1,0,train
images/CLEVR_new_000237.png,blue_sphere,1,0,0,0,0,1,train
images/CLEVR_new_000238.png,blue_sphere,1,0,0,0,0,1,train
images/CLEVR_new_000239.png,blue_cube,1,0,0,1,0,0,train
images/CLEVR_new_000240.png,red_cube,0,0,1,1,0,0,test
images/CLEVR_new_000241.png,blue_cube,1,0,0,1,0,0,test
images/CLEVR_new_000242.png,blue_cube,1,0,0,1,0,0,test
images/CLEVR_new_000243.png,blue_cylinder,1,0,0,0,1,0,train
images/CLEVR_new_000244.png,blue_sphere,1,0,0,0,0,1,train
images/CLEVR_new_000245.png,red_cylinder,0,0,1,0,1,0,test
images/CLEVR_new_000246.png,blue_cylinder,1,0,0,0,1,0,train
images/CLEVR_new_000247.png,green_cylinder,0,1,0,0,1,0,test
images/CLEVR_new_000248.png,blue_sphere,1,0,0,0,0,1,test
images/CLEVR_new_000249.png,red_sphere,0,0,1,0,0,1,test
images/CLEVR_new_000250.png,green_sphere,0,1,0,0,0,1,train
images/CLEVR_new_000251.png,green_sphere,0,1,0,0,0,1,train
images/CLEVR_new_000252.png,blue_cube,1,0,0,1,0,0,test
images/CLEVR_new_000253.png,red_sphere,0,0,1,0,0,1,train
images/CLEVR_new_000254.png,blue_sphere,1,0,0,0,0,1,train
images/CLEVR_new_000255.png,red_cube,0,0,1,1,0,0,train
images/CLEVR_new_000256.png,green_sphere,0,1,0,0,0,1,test
images/CLEVR_new_000257.png,green_sphere,0,1,0,0,0,1,train
images/CLEVR_new_000258.png,red_sphere,0,0,1,0,0,1,train
images/CLEVR_new_000259.png,green_sphere,0,1,0,0,0,1,train
images/CLEVR_new_000260.png,green_cylinder,0,1,0,0,1,0,train
images/CLEVR_new_000261.png,red_cylinder,0,0,1,0,1,0,test
images/CLEVR_new_000262.png,green_cube,0,1,0,1,0,0,train
images/CLEVR_new_000263.png,green_sphere,0,1,0,0,0,1,train
images/CLEVR_new_000264.png,blue_cylinder,1,0,0,0,1,0,test
images/CLEVR_new_000265.png,blue_cylinder,1,0,0,0,1,0,train
images/CLEVR_new_000266.png,red_cube,0,0,1,1,0,0,train
images/CLEVR_new_000267.png,red_cylinder,0,0,1,0,1,0,train
images/CLEVR_new_000268.png,blue_cube,1,0,0,1,0,0,train
images/CLEVR_new_000269.png,blue_cube,1,0,0,1,0,0,train
images/CLEVR_new_000270.png,red_cylinder,0,0,1,0,1,0,test
images/CLEVR_new_000271.png,red_sphere,0,0,1,0,0,1,test
images/CLEVR_new_000272.png,blue_cube,1,0,0,1,0,0,test
images/CLEVR_new_000273.png,blue_cube,1,0,0,1,0,0,test
images/CLEVR_new_000274.png,red_cube,0,0,1,1,0,0,train
images/CLEVR_new_000275.png,red_sphere,0,0,1,0,0,1,train
images/CLEVR_new_000276.png,blue_cube,1,0,0,1,0,0,train
images/CLEVR_new_000277.png,red_cylinder,0,0,1,0,1,0,train
images/CLEVR_new_000278.png,red_cube,0,0,1,1,0,0,train
images/CLEVR_new_000279.png,green_sphere,0,1,0,0,0,1,train
images/CLEVR_new_000280.png,green_cube,0,1,0,1,0,0,test
images/CLEVR_new_000281.png,blue_cylinder,1,0,0,0,1,0,train
images/CLEVR_new_000282.png,blue_cylinder,1,0,0,0,1,0,train
images/CLEVR_new_000283.png,green_cube,0,1,0,1,0,0,train
images/CLEVR_new_000284.png,red_sphere,0,0,1,0,0,1,train
images/CLEVR_new_000285.png,blue_cube,1,0,0,1,0,0,train
images/CLEVR_new_000286.png,green_cube,0,1,0,1,0,0,train
images/CLEVR_new_000287.png,blue_sphere,1,0,0,0,0,1,train
images/CLEVR_new_000288.png,red_cube,0,0,1,1,0,0,train
images/CLEVR_new_000289.png,blue_cube,1,0,0,1,0,0,train
images/CLEVR_new_000290.png,red_cylinder,0,0,1,0,1,0,train
images/CLEVR_new_000291.png,red_sphere,0,0,1,0,0,1,train
images/CLEVR_new_000292.png,blue_cylinder,1,0,0,0,1,0,test
images/CLEVR_new_000293.png,blue_cube,1,0,0,1,0,0,train
images/CLEVR_new_000294.png,green_cylinder,0,1,0,0,1,0,train
images/CLEVR_new_000295.png,red_cube,0,0,1,1,0,0,train
images/CLEVR_new_000296.png,red_sphere,0,0,1,0,0,1,train
images/CLEVR_new_000297.png,blue_sphere,1,0,0,0,0,1,train
images/CLEVR_new_000298.png,red_sphere,0,0,1,0,0,1,train
images/CLEVR_new_000299.png,red_cube,0,0,1,1,0,0,train
images/CLEVR_new_000300.png,red_sphere,0,0,1,0,0,1,train
images/CLEVR_new_000301.png,blue_cube,1,0,0,1,0,0,train
images/CLEVR_new_000302.png,blue_cube,1,0,0,1,0,0,train
images/CLEVR_new_000303.png,blue_sphere,1,0,0,0,0,1,train
images/CLEVR_new_000304.png,green_cylinder,0,1,0,0,1,0,train
images/CLEVR_new_000305.png,green_sphere,0,1,0,0,0,1,test
images/CLEVR_new_000306.png,blue_sphere,1,0,0,0,0,1,train
images/CLEVR_new_000307.png,green_cylinder,0,1,0,0,1,0,train
images/CLEVR_new_000308.png,red_cube,0,0,1,1,0,0,train
images/CLEVR_new_000309.png,red_sphere,0,0,1,0,0,1,train
images/CLEVR_new_000310.png,red_sphere,0,0,1,0,0,1,train
images/CLEVR_new_000311.png,red_sphere,0,0,1,0,0,1,train
images/CLEVR_new_000312.png,red_cube,0,0,1,1,0,0,train
images/CLEVR_new_000313.png,red_cube,0,0,1,1,0,0,test
images/CLEVR_new_000314.png,red_cylinder,0,0,1,0,1,0,test
images/CLEVR_new_000315.png,blue_sphere,1,0,0,0,0,1,train
images/CLEVR_new_000316.png,green_sphere,0,1,0,0,0,1,train
images/CLEVR_new_000317.png,blue_sphere,1,0,0,0,0,1,train
images/CLEVR_new_000318.png,green_sphere,0,1,0,0,0,1,train
images/CLEVR_new_000319.png,red_cylinder,0,0,1,0,1,0,train
images/CLEVR_new_000320.png,red_sphere,0,0,1,0,0,1,train
images/CLEVR_new_000321.png,red_cube,0,0,1,1,0,0,train
images/CLEVR_new_000322.png,blue_sphere,1,0,0,0,0,1,train
images/CLEVR_new_000323.png,red_cube,0,0,1,1,0,0,train
images/CLEVR_new_000324.png,red_cylinder,0,0,1,0,1,0,test
images/CLEVR_new_000325.png,red_cube,0,0,1,1,0,0,train
images/CLEVR_new_000326.png,green_sphere,0,1,0,0,0,1,train
images/CLEVR_new_000327.png,blue_sphere,1,0,0,0,0,1,train
images/CLEVR_new_000328.png,blue_sphere,1,0,0,0,0,1,train
images/CLEVR_new_000329.png,red_cylinder,0,0,1,0,1,0,train
images/CLEVR_new_000330.png,blue_cylinder,1,0,0,0,1,0,train
images/CLEVR_new_000331.png,red_sphere,0,0,1,0,0,1,train
images/CLEVR_new_000332.png,red_sphere,0,0,1,0,0,1,train
images/CLEVR_new_000333.png,red_cube,0,0,1,1,0,0,train
images/CLEVR_new_000334.png,green_cube,0,1,0,1,0,0,train
images/CLEVR_new_000335.png,blue_sphere,1,0,0,0,0,1,train
images/CLEVR_new_000336.png,green_cylinder,0,1,0,0,1,0,test
images/CLEVR_new_000337.png,blue_cylinder,1,0,0,0,1,0,train
images/CLEVR_new_000338.png,green_sphere,0,1,0,0,0,1,train
images/CLEVR_new_000339.png,red_cylinder,0,0,1,0,1,0,train
images/CLEVR_new_000340.png,green_cylinder,0,1,0,0,1,0,train
images/CLEVR_new_000341.png,blue_cube,1,0,0,1,0,0,train
images/CLEVR_new_000342.png,green_cylinder,0,1,0,0,1,0,train
images/CLEVR_new_000343.png,green_cylinder,0,1,0,0,1,0,train
images/CLEVR_new_000344.png,red_sphere,0,0,1,0,0,1,train
images/CLEVR_new_000345.png,red_sphere,0,0,1,0,0,1,train
images/CLEVR_new_000346.png,green_sphere,0,1,0,0,0,1,train
images/CLEVR_new_000347.png,green_sphere,0,1,0,0,0,1,train
images/CLEVR_new_000348.png,blue_sphere,1,0,0,0,0,1,train
images/CLEVR_new_000349.png,blue_cube,1,0,0,1,0,0,train
images/CLEVR_new_000350.png,red_cube,0,0,1,1,0,0,train
images/CLEVR_new_000351.png,red_cube,0,0,1,1,0,0,test
images/CLEVR_new_000352.png,red_sphere,0,0,1,0,0,1,train
images/CLEVR_new_000353.png,red_cube,0,0,1,1,0,0,train
images/CLEVR_new_000354.png,blue_sphere,1,0,0,0,0,1,train
images/CLEVR_new_000355.png,blue_sphere,1,0,0,0,0,1,train
images/CLEVR_new_000356.png,red_sphere,0,0,1,0,0,1,train
images/CLEVR_new_000357.png,green_cylinder,0,1,0,0,1,0,train
images/CLEVR_new_000358.png,blue_sphere,1,0,0,0,0,1,test
images/CLEVR_new_000359.png,blue_cylinder,1,0,0,0,1,0,train
images/CLEVR_new_000360.png,red_cube,0,0,1,1,0,0,train
images/CLEVR_new_000361.png,green_sphere,0,1,0,0,0,1,train
images/CLEVR_new_000362.png,green_cylinder,0,1,0,0,1,0,train
images/CLEVR_new_000363.png,red_cube,0,0,1,1,0,0,train
images/CLEVR_new_000364.png,red_sphere,0,0,1,0,0,1,test
images/CLEVR_new_000365.png,blue_cylinder,1,0,0,0,1,0,train
images/CLEVR_new_000366.png,green_cube,0,1,0,1,0,0,test
images/CLEVR_new_000367.png,green_sphere,0,1,0,0,0,1,test
images/CLEVR_new_000368.png,red_sphere,0,0,1,0,0,1,train
images/CLEVR_new_000369.png,blue_cylinder,1,0,0,0,1,0,train
images/CLEVR_new_000370.png,blue_sphere,1,0,0,0,0,1,train
images/CLEVR_new_000371.png,blue_cube,1,0,0,1,0,0,train
images/CLEVR_new_000372.png,red_cube,0,0,1,1,0,0,train
images/CLEVR_new_000373.png,blue_sphere,1,0,0,0,0,1,train
images/CLEVR_new_000374.png,green_cylinder,0,1,0,0,1,0,train
images/CLEVR_new_000375.png,red_cylinder,0,0,1,0,1,0,train
images/CLEVR_new_000376.png,red_sphere,0,0,1,0,0,1,test
images/CLEVR_new_000377.png,blue_cylinder,1,0,0,0,1,0,train
images/CLEVR_new_000378.png,green_cylinder,0,1,0,0,1,0,test
images/CLEVR_new_000379.png,red_sphere,0,0,1,0,0,1,train
images/CLEVR_new_000380.png,blue_sphere,1,0,0,0,0,1,train
images/CLEVR_new_000381.png,red_sphere,0,0,1,0,0,1,train
images/CLEVR_new_000382.png,red_cylinder,0,0,1,0,1,0,train
images/CLEVR_new_000383.png,red_cylinder,0,0,1,0,1,0,test
images/CLEVR_new_000384.png,red_sphere,0,0,1,0,0,1,train
images/CLEVR_new_000385.png,blue_cube,1,0,0,1,0,0,test
images/CLEVR_new_000386.png,red_sphere,0,0,1,0,0,1,train
images/CLEVR_new_000387.png,blue_cube,1,0,0,1,0,0,train
images/CLEVR_new_000388.png,red_sphere,0,0,1,0,0,1,train
images/CLEVR_new_000389.png,blue_cylinder,1,0,0,0,1,0,test
images/CLEVR_new_000390.png,blue_cylinder,1,0,0,0,1,0,test
images/CLEVR_new_000391.png,red_sphere,0,0,1,0,0,1,train
images/CLEVR_new_000392.png,blue_sphere,1,0,0,0,0,1,train
images/CLEVR_new_000393.png,red_cylinder,0,0,1,0,1,0,train
images/CLEVR_new_000394.png,red_cube,0,0,1,1,0,0,train
images/CLEVR_new_000395.png,red_cube,0,0,1,1,0,0,test
images/CLEVR_new_000396.png,green_cube,0,1,0,1,0,0,test
images/CLEVR_new_000397.png,blue_cube,1,0,0,1,0,0,train
images/CLEVR_new_000398.png,blue_cylinder,1,0,0,0,1,0,train
images/CLEVR_new_000399.png,red_cube,0,0,1,1,0,0,train
images/CLEVR_new_000400.png,red_cylinder,0,0,1,0,1,0,train
images/CLEVR_new_000401.png,green_cube,0,1,0,1,0,0,test
images/CLEVR_new_000402.png,green_cylinder,0,1,0,0,1,0,train
images/CLEVR_new_000403.png,green_sphere,0,1,0,0,0,1,test
images/CLEVR_new_000404.png,green_cylinder,0,1,0,0,1,0,train
images/CLEVR_new_000405.png,red_cube,0,0,1,1,0,0,test
images/CLEVR_new_000406.png,green_sphere,0,1,0,0,0,1,train
images/CLEVR_new_000407.png,blue_cube,1,0,0,1,0,0,train
images/CLEVR_new_000408.png,red_cube,0,0,1,1,0,0,test
images/CLEVR_new_000409.png,blue_cube,1,0,0,1,0,0,train
images/CLEVR_new_000410.png,red_cube,0,0,1,1,0,0,train
images/CLEVR_new_000411.png,green_cylinder,0,1,0,0,1,0,test
images/CLEVR_new_000412.png,blue_sphere,1,0,0,0,0,1,test
images/CLEVR_new_000413.png,blue_cube,1,0,0,1,0,0,train
images/CLEVR_new_000414.png,red_sphere,0,0,1,0,0,1,train
images/CLEVR_new_000415.png,blue_cylinder,1,0,0,0,1,0,train
images/CLEVR_new_000416.png,blue_cylinder,1,0,0,0,1,0,train
images/CLEVR_new_000417.png,red_cylinder,0,0,1,0,1,0,train
images/CLEVR_new_000418.png,red_cube,0,0,1,1,0,0,train
images/CLEVR_new_000419.png,green_cylinder,0,1,0,0,1,0,train
images/CLEVR_new_000420.png,red_cube,0,0,1,1,0,0,train
images/CLEVR_new_000421.png,blue_cylinder,1,0,0,0,1,0,train
images/CLEVR_new_000422.png,blue_sphere,1,0,0,0,0,1,train
images/CLEVR_new_000423.png,green_cube,0,1,0,1,0,0,train
images/CLEVR_new_000424.png,green_cylinder,0,1,0,0,1,0,train
images/CLEVR_new_000425.png,blue_sphere,1,0,0,0,0,1,train
images/CLEVR_new_000426.png,red_sphere,0,0,1,0,0,1,train
images/CLEVR_new_000427.png,green_sphere,0,1,0,0,0,1,test
images/CLEVR_new_000428.png,green_sphere,0,1,0,0,0,1,train
images/CLEVR_new_000429.png,blue_cube,1,0,0,1,0,0,train
images/CLEVR_new_000430.png,green_cube,0,1,0,1,0,0,train
images/CLEVR_new_000431.png,blue_sphere,1,0,0,0,0,1,train
images/CLEVR_new_000432.png,red_cylinder,0,0,1,0,1,0,train
images/CLEVR_new_000433.png,blue_cylinder,1,0,0,0,1,0,train
images/CLEVR_new_000434.png,red_cylinder,0,0,1,0,1,0,train
images/CLEVR_new_000435.png,red_cube,0,0,1,1,0,0,train
images/CLEVR_new_000436.png,green_cylinder,0,1,0,0,1,0,train
images/CLEVR_new_000437.png,green_cylinder,0,1,0,0,1,0,test
images/CLEVR_new_000438.png,red_sphere,0,0,1,0,0,1,train
images/CLEVR_new_000439.png,blue_cube,1,0,0,1,0,0,train
images/CLEVR_new_000440.png,blue_sphere,1,0,0,0,0,1,train
images/CLEVR_new_000441.png,red_cylinder,0,0,1,0,1,0,test
images/CLEVR_new_000442.png,red_cube,0,0,1,1,0,0,train
images/CLEVR_new_000443.png,green_sphere,0,1,0,0,0,1,train
images/CLEVR_new_000444.png,green_cylinder,0,1,0,0,1,0,test
images/CLEVR_new_000445.png,blue_cylinder,1,0,0,0,1,0,test
images/CLEVR_new_000446.png,red_cylinder,0,0,1,0,1,0,test
images/CLEVR_new_000447.png,red_cylinder,0,0,1,0,1,0,train
images/CLEVR_new_000448.png,green_cube,0,1,0,1,0,0,train
images/CLEVR_new_000449.png,green_sphere,0,1,0,0,0,1,train
images/CLEVR_new_000450.png,blue_cube,1,0,0,1,0,0,train
images/CLEVR_new_000451.png,red_cube,0,0,1,1,0,0,train
images/CLEVR_new_000452.png,blue_sphere,1,0,0,0,0,1,train
images/CLEVR_new_000453.png,green_cylinder,0,1,0,0,1,0,test
images/CLEVR_new_000454.png,blue_cube,1,0,0,1,0,0,train
images/CLEVR_new_000455.png,red_sphere,0,0,1,0,0,1,train
images/CLEVR_new_000456.png,green_sphere,0,1,0,0,0,1,train
images/CLEVR_new_000457.png,green_sphere,0,1,0,0,0,1,train
images/CLEVR_new_000458.png,blue_cube,1,0,0,1,0,0,train
images/CLEVR_new_000459.png,green_sphere,0,1,0,0,0,1,train
images/CLEVR_new_000460.png,blue_cube,1,0,0,1,0,0,train
images/CLEVR_new_000461.png,blue_cylinder,1,0,0,0,1,0,train
images/CLEVR_new_000462.png,blue_cube,1,0,0,1,0,0,train
images/CLEVR_new_000463.png,green_sphere,0,1,0,0,0,1,train
images/CLEVR_new_000464.png,green_sphere,0,1,0,0,0,1,test
images/CLEVR_new_000465.png,red_cube,0,0,1,1,0,0,train
images/CLEVR_new_000466.png,red_sphere,0,0,1,0,0,1,train
images/CLEVR_new_000467.png,blue_cylinder,1,0,0,0,1,0,test
images/CLEVR_new_000468.png,blue_cube,1,0,0,1,0,0,train
images/CLEVR_new_000469.png,red_cube,0,0,1,1,0,0,test
images/CLEVR_new_000470.png,red_cylinder,0,0,1,0,1,0,train
images/CLEVR_new_000471.png,red_cylinder,0,0,1,0,1,0,test
images/CLEVR_new_000472.png,red_sphere,0,0,1,0,0,1,train
images/CLEVR_new_000473.png,green_cube,0,1,0,1,0,0,test
images/CLEVR_new_000474.png,blue_cube,1,0,0,1,0,0,train
images/CLEVR_new_000475.png,red_sphere,0,0,1,0,0,1,test
images/CLEVR_new_000476.png,blue_cylinder,1,0,0,0,1,0,train
images/CLEVR_new_000477.png,blue_cube,1,0,0,1,0,0,train
images/CLEVR_new_000478.png,red_cylinder,0,0,1,0,1,0,test
images/CLEVR_new_000479.png,green_sphere,0,1,0,0,0,1,train
images/CLEVR_new_000480.png,red_cylinder,0,0,1,0,1,0,train
images/CLEVR_new_000481.png,blue_cube,1,0,0,1,0,0,train
images/CLEVR_new_000482.png,red_cube,0,0,1,1,0,0,train
images/CLEVR_new_000483.png,green_cube,0,1,0,1,0,0,train
images/CLEVR_new_000484.png,green_cylinder,0,1,0,0,1,0,train
images/CLEVR_new_000485.png,blue_cube,1,0,0,1,0,0,test
images/CLEVR_new_000486.png,green_cylinder,0,1,0,0,1,0,train
images/CLEVR_new_000487.png,green_cylinder,0,1,0,0,1,0,train
images/CLEVR_new_000488.png,red_sphere,0,0,1,0,0,1,test
images/CLEVR_new_000489.png,red_cylinder,0,0,1,0,1,0,test
images/CLEVR_new_000490.png,red_cylinder,0,0,1,0,1,0,train
images/CLEVR_new_000491.png,red_sphere,0,0,1,0,0,1,train
images/CLEVR_new_000492.png,red_cylinder,0,0,1,0,1,0,train
images/CLEVR_new_000493.png,blue_cube,1,0,0,1,0,0,train
images/CLEVR_new_000494.png,blue_cube,1,0,0,1,0,0,train
images/CLEVR_new_000495.png,red_cube,0,0,1,1,0,0,train
images/CLEVR_new_000496.png,blue_cube,1,0,0,1,0,0,train
images/CLEVR_new_000497.png,green_cube,0,1,0,1,0,0,train
images/CLEVR_new_000498.png,red_sphere,0,0,1,0,0,1,test
images/CLEVR_new_000499.png,green_cylinder,0,1,0,0,1,0,test
images/CLEVR_new_000500.png,blue_cylinder,1,0,0,0,1,0,train
images/CLEVR_new_000501.png,green_sphere,0,1,0,0,0,1,train
images/CLEVR_new_000502.png,blue_cube,1,0,0,1,0,0,train
images/CLEVR_new_000503.png,green_cube,0,1,0,1,0,0,test
images/CLEVR_new_000504.png,blue_sphere,1,0,0,0,0,1,train
images/CLEVR_new_000505.png,red_cube,0,0,1,1,0,0,train
images/CLEVR_new_000506.png,green_sphere,0,1,0,0,0,1,test
images/CLEVR_new_000507.png,blue_cube,1,0,0,1,0,0,test
images/CLEVR_new_000508.png,green_cube,0,1,0,1,0,0,test
images/CLEVR_new_000509.png,blue_cylinder,1,0,0,0,1,0,train
images/CLEVR_new_000510.png,blue_cylinder,1,0,0,0,1,0,train
images/CLEVR_new_000511.png,red_cylinder,0,0,1,0,1,0,train
images/CLEVR_new_000512.png,green_cube,0,1,0,1,0,0,test
images/CLEVR_new_000513.png,red_sphere,0,0,1,0,0,1,test
images/CLEVR_new_000514.png,red_sphere,0,0,1,0,0,1,train
images/CLEVR_new_000515.png,blue_cube,1,0,0,1,0,0,train
images/CLEVR_new_000516.png,green_sphere,0,1,0,0,0,1,train
images/CLEVR_new_000517.png,blue_cylinder,1,0,0,0,1,0,test
images/CLEVR_new_000518.png,green_cube,0,1,0,1,0,0,test
images/CLEVR_new_000519.png,green_cube,0,1,0,1,0,0,train
images/CLEVR_new_000520.png,blue_sphere,1,0,0,0,0,1,train
images/CLEVR_new_000521.png,green_cylinder,0,1,0,0,1,0,train
images/CLEVR_new_000522.png,red_cylinder,0,0,1,0,1,0,test
images/CLEVR_new_000523.png,red_sphere,0,0,1,0,0,1,test
images/CLEVR_new_000524.png,red_cube,0,0,1,1,0,0,test
images/CLEVR_new_000525.png,green_cube,0,1,0,1,0,0,train
images/CLEVR_new_000526.png,green_sphere,0,1,0,0,0,1,train
images/CLEVR_new_000527.png,blue_cylinder,1,0,0,0,1,0,train
images/CLEVR_new_000528.png,red_cube,0,0,1,1,0,0,train
images/CLEVR_new_000529.png,blue_sphere,1,0,0,0,0,1,test
images/CLEVR_new_000530.png,green_sphere,0,1,0,0,0,1,test
images/CLEVR_new_000531.png,green_cube,0,1,0,1,0,0,test
images/CLEVR_new_000532.png,green_cylinder,0,1,0,0,1,0,test
images/CLEVR_new_000533.png,red_cube,0,0,1,1,0,0,train
images/CLEVR_new_000534.png,red_sphere,0,0,1,0,0,1,train
images/CLEVR_new_000535.png,blue_sphere,1,0,0,0,0,1,test
images/CLEVR_new_000536.png,blue_sphere,1,0,0,0,0,1,test
images/CLEVR_new_000537.png,green_cube,0,1,0,1,0,0,train
images/CLEVR_new_000538.png,red_sphere,0,0,1,0,0,1,train
images/CLEVR_new_000539.png,red_cube,0,0,1,1,0,0,train
images/CLEVR_new_000540.png,red_cylinder,0,0,1,0,1,0,test
images/CLEVR_new_000541.png,green_cube,0,1,0,1,0,0,train
images/CLEVR_new_000542.png,green_sphere,0,1,0,0,0,1,train
images/CLEVR_new_000543.png,blue_cylinder,1,0,0,0,1,0,train
images/CLEVR_new_000544.png,blue_sphere,1,0,0,0,0,1,train
images/CLEVR_new_000545.png,red_cylinder,0,0,1,0,1,0,train
images/CLEVR_new_000546.png,blue_cube,1,0,0,1,0,0,train
images/CLEVR_new_000547.png,red_cube,0,0,1,1,0,0,train
images/CLEVR_new_000548.png,green_cylinder,0,1,0,0,1,0,train
images/CLEVR_new_000549.png,red_cube,0,0,1,1,0,0,train
images/CLEVR_new_000550.png,blue_sphere,1,0,0,0,0,1,train
images/CLEVR_new_000551.png,green_cube,0,1,0,1,0,0,test
images/CLEVR_new_000552.png,red_cube,0,0,1,1,0,0,train
images/CLEVR_new_000553.png,red_cube,0,0,1,1,0,0,train
images/CLEVR_new_000554.png,blue_cylinder,1,0,0,0,1,0,test
images/CLEVR_new_000555.png,green_cube,0,1,0,1,0,0,train
images/CLEVR_new_000556.png,blue_cylinder,1,0,0,0,1,0,train
images/CLEVR_new_000557.png,green_cube,0,1,0,1,0,0,train
images/CLEVR_new_000558.png,blue_cube,1,0,0,1,0,0,train
images/CLEVR_new_000559.png,red_cube,0,0,1,1,0,0,train
images/CLEVR_new_000560.png,blue_sphere,1,0,0,0,0,1,train
images/CLEVR_new_000561.png,green_sphere,0,1,0,0,0,1,train
images/CLEVR_new_000562.png,green_cylinder,0,1,0,0,1,0,train
images/CLEVR_new_000563.png,red_cube,0,0,1,1,0,0,train
images/CLEVR_new_000564.png,red_cube,0,0,1,1,0,0,train
images/CLEVR_new_000565.png,green_cylinder,0,1,0,0,1,0,train
images/CLEVR_new_000566.png,red_cube,0,0,1,1,0,0,train
images/CLEVR_new_000567.png,blue_cylinder,1,0,0,0,1,0,train
images/CLEVR_new_000568.png,blue_cube,1,0,0,1,0,0,test
images/CLEVR_new_000569.png,red_cube,0,0,1,1,0,0,train
images/CLEVR_new_000570.png,green_sphere,0,1,0,0,0,1,train
images/CLEVR_new_000571.png,blue_cube,1,0,0,1,0,0,train
images/CLEVR_new_000572.png,blue_cylinder,1,0,0,0,1,0,train
images/CLEVR_new_000573.png,red_cube,0,0,1,1,0,0,train
images/CLEVR_new_000574.png,green_sphere,0,1,0,0,0,1,test
images/CLEVR_new_000575.png,blue_cylinder,1,0,0,0,1,0,test
images/CLEVR_new_000576.png,blue_cylinder,1,0,0,0,1,0,train
images/CLEVR_new_000577.png,red_cylinder,0,0,1,0,1,0,test
images/CLEVR_new_000578.png,red_cylinder,0,0,1,0,1,0,train
images/CLEVR_new_000579.png,blue_cube,1,0,0,1,0,0,train
images/CLEVR_new_000580.png,red_cube,0,0,1,1,0,0,train
images/CLEVR_new_000581.png,blue_cube,1,0,0,1,0,0,test
images/CLEVR_new_000582.png,red_cube,0,0,1,1,0,0,train
images/CLEVR_new_000583.png,red_sphere,0,0,1,0,0,1,train
images/CLEVR_new_000584.png,blue_sphere,1,0,0,0,0,1,train
images/CLEVR_new_000585.png,red_sphere,0,0,1,0,0,1,train
images/CLEVR_new_000586.png,green_cylinder,0,1,0,0,1,0,train
images/CLEVR_new_000587.png,red_cylinder,0,0,1,0,1,0,train
images/CLEVR_new_000588.png,blue_cube,1,0,0,1,0,0,train
images/CLEVR_new_000589.png,blue_sphere,1,0,0,0,0,1,train
images/CLEVR_new_000590.png,blue_cylinder,1,0,0,0,1,0,train
images/CLEVR_new_000591.png,red_sphere,0,0,1,0,0,1,train
images/CLEVR_new_000592.png,blue_cube,1,0,0,1,0,0,train
images/CLEVR_new_000593.png,red_cube,0,0,1,1,0,0,train
images/CLEVR_new_000594.png,blue_sphere,1,0,0,0,0,1,test
images/CLEVR_new_000595.png,green_cylinder,0,1,0,0,1,0,train
images/CLEVR_new_000596.png,red_cube,0,0,1,1,0,0,train
images/CLEVR_new_000597.png,red_cube,0,0,1,1,0,0,train
images/CLEVR_new_000598.png,blue_cylinder,1,0,0,0,1,0,train
images/CLEVR_new_000599.png,blue_cylinder,1,0,0,0,1,0,train
images/CLEVR_new_000600.png,green_cube,0,1,0,1,0,0,train
images/CLEVR_new_000601.png,red_sphere,0,0,1,0,0,1,train
images/CLEVR_new_000602.png,green_cube,0,1,0,1,0,0,train
images/CLEVR_new_000603.png,green_sphere,0,1,0,0,0,1,train
images/CLEVR_new_000604.png,red_cube,0,0,1,1,0,0,train
images/CLEVR_new_000605.png,blue_cylinder,1,0,0,0,1,0,train
images/CLEVR_new_000606.png,green_sphere,0,1,0,0,0,1,train
images/CLEVR_new_000607.png,red_cube,0,0,1,1,0,0,train
images/CLEVR_new_000608.png,red_cylinder,0,0,1,0,1,0,train
images/CLEVR_new_000609.png,blue_sphere,1,0,0,0,0,1,train
images/CLEVR_new_000610.png,blue_cylinder,1,0,0,0,1,0,train
images/CLEVR_new_000611.png,red_sphere,0,0,1,0,0,1,train
images/CLEVR_new_000612.png,blue_cube,1,0,0,1,0,0,train
images/CLEVR_new_000613.png,red_cube,0,0,1,1,0,0,train
images/CLEVR_new_000614.png,green_cube,0,1,0,1,0,0,test
images/CLEVR_new_000615.png,blue_cube,1,0,0,1,0,0,test
images/CLEVR_new_000616.png,red_cylinder,0,0,1,0,1,0,train
images/CLEVR_new_000617.png,green_cylinder,0,1,0,0,1,0,train
images/CLEVR_new_000618.png,green_sphere,0,1,0,0,0,1,test
images/CLEVR_new_000619.png,green_sphere,0,1,0,0,0,1,train
images/CLEVR_new_000620.png,blue_cylinder,1,0,0,0,1,0,train
images/CLEVR_new_000621.png,red_sphere,0,0,1,0,0,1,train
images/CLEVR_new_000622.png,blue_sphere,1,0,0,0,0,1,train
images/CLEVR_new_000623.png,green_cylinder,0,1,0,0,1,0,train
images/CLEVR_new_000624.png,blue_cylinder,1,0,0,0,1,0,train
images/CLEVR_new_000625.png,red_cylinder,0,0,1,0,1,0,train
images/CLEVR_new_000626.png,blue_sphere,1,0,0,0,0,1,train
images/CLEVR_new_000627.png,blue_cylinder,1,0,0,0,1,0,train
images/CLEVR_new_000628.png,blue_cylinder,1,0,0,0,1,0,train
images/CLEVR_new_000629.png,green_cube,0,1,0,1,0,0,train
images/CLEVR_new_000630.png,red_cube,0,0,1,1,0,0,train
images/CLEVR_new_000631.png,blue_cube,1,0,0,1,0,0,test
images/CLEVR_new_000632.png,red_cube,0,0,1,1,0,0,train
images/CLEVR_new_000633.png,green_cylinder,0,1,0,0,1,0,train
images/CLEVR_new_000634.png,green_sphere,0,1,0,0,0,1,train
images/CLEVR_new_000635.png,red_sphere,0,0,1,0,0,1,train
images/CLEVR_new_000636.png,red_cylinder,0,0,1,0,1,0,train
images/CLEVR_new_000637.png,green_cylinder,0,1,0,0,1,0,train
images/CLEVR_new_000638.png,blue_sphere,1,0,0,0,0,1,train
images/CLEVR_new_000639.png,blue_cylinder,1,0,0,0,1,0,train
images/CLEVR_new_000640.png,red_sphere,0,0,1,0,0,1,train
images/CLEVR_new_000641.png,green_cylinder,0,1,0,0,1,0,train
images/CLEVR_new_000642.png,green_cube,0,1,0,1,0,0,train
images/CLEVR_new_000643.png,blue_cube,1,0,0,1,0,0,train
images/CLEVR_new_000644.png,blue_sphere,1,0,0,0,0,1,train
images/CLEVR_new_000645.png,blue_cube,1,0,0,1,0,0,test
images/CLEVR_new_000646.png,red_cube,0,0,1,1,0,0,train
images/CLEVR_new_000647.png,green_cube,0,1,0,1,0,0,train
images/CLEVR_new_000648.png,red_cube,0,0,1,1,0,0,train
images/CLEVR_new_000649.png,green_cube,0,1,0,1,0,0,train
images/CLEVR_new_000650.png,green_cube,0,1,0,1,0,0,train
images/CLEVR_new_000651.png,red_cube,0,0,1,1,0,0,train
images/CLEVR_new_000652.png,green_cylinder,0,1,0,0,1,0,train
images/CLEVR_new_000653.png,green_cylinder,0,1,0,0,1,0,train
images/CLEVR_new_000654.png,red_cube,0,0,1,1,0,0,train
images/CLEVR_new_000655.png,red_cube,0,0,1,1,0,0,train
images/CLEVR_new_000656.png,blue_sphere,1,0,0,0,0,1,train
images/CLEVR_new_000657.png,green_cube,0,1,0,1,0,0,train
images/CLEVR_new_000658.png,red_sphere,0,0,1,0,0,1,train
images/CLEVR_new_000659.png,blue_cube,1,0,0,1,0,0,train
images/CLEVR_new_000660.png,blue_cylinder,1,0,0,0,1,0,train
images/CLEVR_new_000661.png,green_cylinder,0,1,0,0,1,0,test
images/CLEVR_new_000662.png,red_cylinder,0,0,1,0,1,0,train
images/CLEVR_new_000663.png,red_sphere,0,0,1,0,0,1,train
images/CLEVR_new_000664.png,red_sphere,0,0,1,0,0,1,train
images/CLEVR_new_000665.png,red_cylinder,0,0,1,0,1,0,train
images/CLEVR_new_000666.png,blue_cylinder,1,0,0,0,1,0,train
images/CLEVR_new_000667.png,blue_cube,1,0,0,1,0,0,train
images/CLEVR_new_000668.png,green_sphere,0,1,0,0,0,1,train
images/CLEVR_new_000669.png,green_cube,0,1,0,1,0,0,train
images/CLEVR_new_000670.png,green_sphere,0,1,0,0,0,1,train
images/CLEVR_new_000671.png,blue_sphere,1,0,0,0,0,1,test
images/CLEVR_new_000672.png,green_sphere,0,1,0,0,0,1,train
images/CLEVR_new_000673.png,red_cylinder,0,0,1,0,1,0,train
images/CLEVR_new_000674.png,blue_cylinder,1,0,0,0,1,0,train
images/CLEVR_new_000675.png,red_cylinder,0,0,1,0,1,0,test
images/CLEVR_new_000676.png,blue_sphere,1,0,0,0,0,1,train
images/CLEVR_new_000677.png,green_sphere,0,1,0,0,0,1,train
images/CLEVR_new_000678.png,red_cube,0,0,1,1,0,0,test
images/CLEVR_new_000679.png,green_sphere,0,1,0,0,0,1,test
images/CLEVR_new_000680.png,red_cube,0,0,1,1,0,0,test
images/CLEVR_new_000681.png,blue_cube,1,0,0,1,0,0,train
images/CLEVR_new_000682.png,blue_cube,1,0,0,1,0,0,train
images/CLEVR_new_000683.png,red_cube,0,0,1,1,0,0,train
images/CLEVR_new_000684.png,green_cube,0,1,0,1,0,0,test
images/CLEVR_new_000685.png,blue_sphere,1,0,0,0,0,1,train
images/CLEVR_new_000686.png,red_cube,0,0,1,1,0,0,train
images/CLEVR_new_000687.png,green_cylinder,0,1,0,0,1,0,train
images/CLEVR_new_000688.png,green_cube,0,1,0,1,0,0,train
images/CLEVR_new_000689.png,red_sphere,0,0,1,0,0,1,train
images/CLEVR_new_000690.png,blue_cube,1,0,0,1,0,0,train
images/CLEVR_new_000691.png,green_cube,0,1,0,1,0,0,train
images/CLEVR_new_000692.png,red_cube,0,0,1,1,0,0,train
images/CLEVR_new_000693.png,green_cube,0,1,0,1,0,0,train
images/CLEVR_new_000694.png,green_cube,0,1,0,1,0,0,train
images/CLEVR_new_000695.png,blue_cylinder,1,0,0,0,1,0,train
images/CLEVR_new_000696.png,blue_sphere,1,0,0,0,0,1,train
images/CLEVR_new_000697.png,blue_sphere,1,0,0,0,0,1,train
images/CLEVR_new_000698.png,green_sphere,0,1,0,0,0,1,train
images/CLEVR_new_000699.png,red_sphere,0,0,1,0,0,1,train
images/CLEVR_new_000700.png,red_sphere,0,0,1,0,0,1,train
images/CLEVR_new_000701.png,green_cube,0,1,0,1,0,0,train
images/CLEVR_new_000702.png,red_cylinder,0,0,1,0,1,0,train
images/CLEVR_new_000703.png,green_sphere,0,1,0,0,0,1,train
images/CLEVR_new_000704.png,blue_sphere,1,0,0,0,0,1,train
images/CLEVR_new_000705.png,green_cube,0,1,0,1,0,0,test
images/CLEVR_new_000706.png,green_cylinder,0,1,0,0,1,0,train
images/CLEVR_new_000707.png,green_cube,0,1,0,1,0,0,test
images/CLEVR_new_000708.png,green_sphere,0,1,0,0,0,1,train
images/CLEVR_new_000709.png,blue_cylinder,1,0,0,0,1,0,train
images/CLEVR_new_000710.png,green_cylinder,0,1,0,0,1,0,train
images/CLEVR_new_000711.png,red_sphere,0,0,1,0,0,1,train
images/CLEVR_new_000712.png,blue_sphere,1,0,0,0,0,1,train
images/CLEVR_new_000713.png,green_sphere,0,1,0,0,0,1,train
images/CLEVR_new_000714.png,green_cylinder,0,1,0,0,1,0,train
images/CLEVR_new_000715.png,blue_cube,1,0,0,1,0,0,test
images/CLEVR_new_000716.png,green_cylinder,0,1,0,0,1,0,test
images/CLEVR_new_000717.png,green_cube,0,1,0,1,0,0,test
images/CLEVR_new_000718.png,green_cube,0,1,0,1,0,0,train
images/CLEVR_new_000719.png,blue_cube,1,0,0,1,0,0,train
images/CLEVR_new_000720.png,red_cube,0,0,1,1,0,0,test
images/CLEVR_new_000721.png,red_cylinder,0,0,1,0,1,0,train
images/CLEVR_new_000722.png,blue_cylinder,1,0,0,0,1,0,train
images/CLEVR_new_000723.png,red_cube,0,0,1,1,0,0,train
images/CLEVR_new_000724.png,green_cube,0,1,0,1,0,0,train
images/CLEVR_new_000725.png,green_cylinder,0,1,0,0,1,0,test
images/CLEVR_new_000726.png,red_sphere,0,0,1,0,0,1,train
images/CLEVR_new_000727.png,red_cylinder,0,0,1,0,1,0,train
images/CLEVR_new_000728.png,red_sphere,0,0,1,0,0,1,train
images/CLEVR_new_000729.png,blue_sphere,1,0,0,0,0,1,train
images/CLEVR_new_000730.png,red_sphere,0,0,1,0,0,1,train
images/CLEVR_new_000731.png,red_sphere,0,0,1,0,0,1,test
images/CLEVR_new_000732.png,green_cylinder,0,1,0,0,1,0,train
images/CLEVR_new_000733.png,red_sphere,0,0,1,0,0,1,train
images/CLEVR_new_000734.png,green_sphere,0,1,0,0,0,1,train
images/CLEVR_new_000735.png,green_cube,0,1,0,1,0,0,test
images/CLEVR_new_000736.png,blue_cube,1,0,0,1,0,0,train
images/CLEVR_new_000737.png,red_cube,0,0,1,1,0,0,test
images/CLEVR_new_000738.png,blue_sphere,1,0,0,0,0,1,train
images/CLEVR_new_000739.png,blue_sphere,1,0,0,0,0,1,train
images/CLEVR_new_000740.png,red_cylinder,0,0,1,0,1,0,train
images/CLEVR_new_000741.png,blue_cube,1,0,0,1,0,0,train
images/CLEVR_new_000742.png,green_cube,0,1,0,1,0,0,train
images/CLEVR_new_000743.png,blue_cylinder,1,0,0,0,1,0,train
images/CLEVR_new_000744.png,blue_sphere,1,0,0,0,0,1,train
images/CLEVR_new_000745.png,blue_cylinder,1,0,0,0,1,0,test
images/CLEVR_new_000746.png,blue_cylinder,1,0,0,0,1,0,train
images/CLEVR_new_000747.png,blue_sphere,1,0,0,0,0,1,train
images/CLEVR_new_000748.png,red_cylinder,0,0,1,0,1,0,test
images/CLEVR_new_000749.png,red_sphere,0,0,1,0,0,1,train
images/CLEVR_new_000750.png,blue_cylinder,1,0,0,0,1,0,train
images/CLEVR_new_000751.png,red_cylinder,0,0,1,0,1,0,test
images/CLEVR_new_000752.png,red_sphere,0,0,1,0,0,1,train
images/CLEVR_new_000753.png,green_sphere,0,1,0,0,0,1,train
images/CLEVR_new_000754.png,blue_cylinder,1,0,0,0,1,0,train
images/CLEVR_new_000755.png,green_cylinder,0,1,0,0,1,0,train
images/CLEVR_new_000756.png,green_cylinder,0,1,0,0,1,0,train
images/CLEVR_new_000757.png,blue_sphere,1,0,0,0,0,1,train
images/CLEVR_new_000758.png,red_sphere,0,0,1,0,0,1,test
images/CLEVR_new_000759.png,red_cube,0,0,1,1,0,0,train
images/CLEVR_new_000760.png,blue_sphere,1,0,0,0,0,1,train
images/CLEVR_new_000761.png,red_cube,0,0,1,1,0,0,train
images/CLEVR_new_000762.png,green_sphere,0,1,0,0,0,1,train
images/CLEVR_new_000763.png,blue_sphere,1,0,0,0,0,1,train
images/CLEVR_new_000764.png,red_cube,0,0,1,1,0,0,train
images/CLEVR_new_000765.png,blue_sphere,1,0,0,0,0,1,train
images/CLEVR_new_000766.png,green_sphere,0,1,0,0,0,1,train
images/CLEVR_new_000767.png,green_cylinder,0,1,0,0,1,0,test
images/CLEVR_new_000768.png,green_sphere,0,1,0,0,0,1,train
images/CLEVR_new_000769.png,red_cube,0,0,1,1,0,0,test
images/CLEVR_new_000770.png,red_cylinder,0,0,1,0,1,0,train
images/CLEVR_new_000771.png,red_sphere,0,0,1,0,0,1,test
images/CLEVR_new_000772.png,blue_cube,1,0,0,1,0,0,train
images/CLEVR_new_000773.png,green_sphere,0,1,0,0,0,1,train
images/CLEVR_new_000774.png,red_sphere,0,0,1,0,0,1,train
images/CLEVR_new_000775.png,blue_cube,1,0,0,1,0,0,train
images/CLEVR_new_000776.png,blue_cube,1,0,0,1,0,0,train
images/CLEVR_new_000777.png,red_cube,0,0,1,1,0,0,train
images/CLEVR_new_000778.png,green_cube,0,1,0,1,0,0,train
images/CLEVR_new_000779.png,green_cube,0,1,0,1,0,0,train
images/CLEVR_new_000780.png,green_sphere,0,1,0,0,0,1,train
images/CLEVR_new_000781.png,red_sphere,0,0,1,0,0,1,train
images/CLEVR_new_000782.png,red_cube,0,0,1,1,0,0,train
images/CLEVR_new_000783.png,green_cylinder,0,1,0,0,1,0,train
images/CLEVR_new_000784.png,blue_cube,1,0,0,1,0,0,train
images/CLEVR_new_000785.png,blue_sphere,1,0,0,0,0,1,test
images/CLEVR_new_000786.png,blue_cylinder,1,0,0,0,1,0,train
images/CLEVR_new_000787.png,green_cube,0,1,0,1,0,0,train
images/CLEVR_new_000788.png,blue_cube,1,0,0,1,0,0,train
images/CLEVR_new_000789.png,red_cylinder,0,0,1,0,1,0,test
images/CLEVR_new_000790.png,green_cube,0,1,0,1,0,0,train
images/CLEVR_new_000791.png,red_cylinder,0,0,1,0,1,0,train
images/CLEVR_new_000792.png,red_sphere,0,0,1,0,0,1,train
images/CLEVR_new_000793.png,red_sphere,0,0,1,0,0,1,train
images/CLEVR_new_000794.png,red_sphere,0,0,1,0,0,1,train
images/CLEVR_new_000795.png,red_sphere,0,0,1,0,0,1,test
images/CLEVR_new_000796.png,green_sphere,0,1,0,0,0,1,test
images/CLEVR_new_000797.png,red_cube,0,0,1,1,0,0,train
images/CLEVR_new_000798.png,red_cube,0,0,1,1,0,0,train
images/CLEVR_new_000799.png,green_sphere,0,1,0,0,0,1,test
cal_images/images/CLEVR_new_000800.png,green_cylinder,0,1,0,0,1,0,cal
cal_images/images/CLEVR_new_000801.png,green_cylinder,0,1,0,0,1,0,cal
cal_images/images/CLEVR_new_000802.png,red_cylinder,0,0,1,0,1,0,cal
cal_images/images/CLEVR_new_000803.png,red_sphere,0,0,1,0,0,1,cal
cal_images/images/CLEVR_new_000804.png,green_cube,0,1,0,1,0,0,cal
cal_images/images/CLEVR_new_000805.png,blue_sphere,1,0,0,0,0,1,cal
cal_images/images/CLEVR_new_000806.png,blue_sphere,1,0,0,0,0,1,cal
cal_images/images/CLEVR_new_000807.png,red_sphere,0,0,1,0,0,1,cal
cal_images/images/CLEVR_new_000808.png,blue_cylinder,1,0,0,0,1,0,cal
cal_images/images/CLEVR_new_000809.png,blue_cylinder,1,0,0,0,1,0,cal
cal_images/images/CLEVR_new_000810.png,blue_cube,1,0,0,1,0,0,cal
cal_images/images/CLEVR_new_000811.png,green_sphere,0,1,0,0,0,1,cal
cal_images/images/CLEVR_new_000812.png,green_sphere,0,1,0,0,0,1,cal
cal_images/images/CLEVR_new_000813.png,blue_sphere,1,0,0,0,0,1,cal
cal_images/images/CLEVR_new_000814.png,green_sphere,0,1,0,0,0,1,cal
cal_images/images/CLEVR_new_000815.png,green_cylinder,0,1,0,0,1,0,cal
cal_images/images/CLEVR_new_000816.png,red_cube,0,0,1,1,0,0,cal
cal_images/images/CLEVR_new_000817.png,green_cylinder,0,1,0,0,1,0,cal
cal_images/images/CLEVR_new_000818.png,red_sphere,0,0,1,0,0,1,cal
cal_images/images/CLEVR_new_000819.png,red_cube,0,0,1,1,0,0,cal
cal_images/images/CLEVR_new_000820.png,blue_cube,1,0,0,1,0,0,cal
cal_images/images/CLEVR_new_000821.png,green_sphere,0,1,0,0,0,1,cal
cal_images/images/CLEVR_new_000822.png,blue_cylinder,1,0,0,0,1,0,cal
cal_images/images/CLEVR_new_000823.png,red_sphere,0,0,1,0,0,1,cal
cal_images/images/CLEVR_new_000824.png,blue_cylinder,1,0,0,0,1,0,cal
cal_images/images/CLEVR_new_000825.png,red_cube,0,0,1,1,0,0,cal
cal_images/images/CLEVR_new_000826.png,red_sphere,0,0,1,0,0,1,cal
cal_images/images/CLEVR_new_000827.png,green_sphere,0,1,0,0,0,1,cal
cal_images/images/CLEVR_new_000828.png,green_cube,0,1,0,1,0,0,cal
cal_images/images/CLEVR_new_000829.png,red_cube,0,0,1,1,0,0,cal
cal_images/images/CLEVR_new_000830.png,blue_sphere,1,0,0,0,0,1,cal
cal_images/images/CLEVR_new_000831.png,blue_sphere,1,0,0,0,0,1,cal
cal_images/images/CLEVR_new_000832.png,red_sphere,0,0,1,0,0,1,cal
cal_images/images/CLEVR_new_000833.png,red_cylinder,0,0,1,0,1,0,cal
cal_images/images/CLEVR_new_000834.png,green_cylinder,0,1,0,0,1,0,cal
cal_images/images/CLEVR_new_000835.png,green_cube,0,1,0,1,0,0,cal
cal_images/images/CLEVR_new_000836.png,blue_sphere,1,0,0,0,0,1,cal
cal_images/images/CLEVR_new_000837.png,blue_cylinder,1,0,0,0,1,0,cal
cal_images/images/CLEVR_new_000838.png,red_cylinder,0,0,1,0,1,0,cal
cal_images/images/CLEVR_new_000839.png,red_sphere,0,0,1,0,0,1,cal
cal_images/images/CLEVR_new_000840.png,blue_cylinder,1,0,0,0,1,0,cal
cal_images/images/CLEVR_new_000841.png,red_cube,0,0,1,1,0,0,cal
cal_images/images/CLEVR_new_000842.png,red_cylinder,0,0,1,0,1,0,cal
cal_images/images/CLEVR_new_000843.png,red_cylinder,0,0,1,0,1,0,cal
cal_images/images/CLEVR_new_000844.png,green_sphere,0,1,0,0,0,1,cal
cal_images/images/CLEVR_new_000845.png,green_sphere,0,1,0,0,0,1,cal
cal_images/images/CLEVR_new_000846.png,red_cylinder,0,0,1,0,1,0,cal
cal_images/images/CLEVR_new_000847.png,red_cube,0,0,1,1,0,0,cal
cal_images/images/CLEVR_new_000848.png,blue_cube,1,0,0,1,0,0,cal
cal_images/images/CLEVR_new_000849.png,red_cylinder,0,0,1,0,1,0,cal
cal_images/images/CLEVR_new_000850.png,red_cylinder,0,0,1,0,1,0,cal
cal_images/images/CLEVR_new_000851.png,green_cube,0,1,0,1,0,0,cal
cal_images/images/CLEVR_new_000852.png,red_cylinder,0,0,1,0,1,0,cal
cal_images/images/CLEVR_new_000853.png,green_cylinder,0,1,0,0,1,0,cal
cal_images/images/CLEVR_new_000854.png,red_cylinder,0,0,1,0,1,0,cal
cal_images/images/CLEVR_new_000855.png,blue_cube,1,0,0,1,0,0,cal
cal_images/images/CLEVR_new_000856.png,green_cylinder,0,1,0,0,1,0,cal
cal_images/images/CLEVR_new_000857.png,blue_sphere,1,0,0,0,0,1,cal
cal_images/images/CLEVR_new_000858.png,red_cube,0,0,1,1,0,0,cal
cal_images/images/CLEVR_new_000859.png,blue_cube,1,0,0,1,0,0,cal
cal_images/images/CLEVR_new_000860.png,green_cube,0,1,0,1,0,0,cal
cal_images/images/CLEVR_new_000861.png,red_cylinder,0,0,1,0,1,0,cal
cal_images/images/CLEVR_new_000862.png,blue_cylinder,1,0,0,0,1,0,cal
cal_images/images/CLEVR_new_000863.png,red_sphere,0,0,1,0,0,1,cal
cal_images/images/CLEVR_new_000864.png,red_cube,0,0,1,1,0,0,cal
cal_images/images/CLEVR_new_000865.png,blue_sphere,1,0,0,0,0,1,cal
cal_images/images/CLEVR_new_000866.png,green_cylinder,0,1,0,0,1,0,cal
cal_images/images/CLEVR_new_000867.png,blue_cylinder,1,0,0,0,1,0,cal
cal_images/images/CLEVR_new_000868.png,red_cylinder,0,0,1,0,1,0,cal
cal_images/images/CLEVR_new_000869.png,green_sphere,0,1,0,0,0,1,cal
cal_images/images/CLEVR_new_000870.png,blue_cylinder,1,0,0,0,1,0,cal
cal_images/images/CLEVR_new_000871.png,blue_cube,1,0,0,1,0,0,cal
cal_images/images/CLEVR_new_000872.png,green_sphere,0,1,0,0,0,1,cal
cal_images/images/CLEVR_new_000873.png,green_cylinder,0,1,0,0,1,0,cal
cal_images/images/CLEVR_new_000874.png,green_sphere,0,1,0,0,0,1,cal
cal_images/images/CLEVR_new_000875.png,red_cube,0,0,1,1,0,0,cal
cal_images/images/CLEVR_new_000876.png,blue_cube,1,0,0,1,0,0,cal
cal_images/images/CLEVR_new_000877.png,green_sphere,0,1,0,0,0,1,cal
cal_images/images/CLEVR_new_000878.png,green_cube,0,1,0,1,0,0,cal
cal_images/images/CLEVR_new_000879.png,blue_cube,1,0,0,1,0,0,cal
cal_images/images/CLEVR_new_000880.png,green_sphere,0,1,0,0,0,1,cal
cal_images/images/CLEVR_new_000881.png,blue_cube,1,0,0,1,0,0,cal
cal_images/images/CLEVR_new_000882.png,green_sphere,0,1,0,0,0,1,cal
cal_images/images/CLEVR_new_000883.png,blue_cylinder,1,0,0,0,1,0,cal
cal_images/images/CLEVR_new_000884.png,red_cube,0,0,1,1,0,0,cal
cal_images/images/CLEVR_new_000885.png,green_sphere,0,1,0,0,0,1,cal
cal_images/images/CLEVR_new_000886.png,red_sphere,0,0,1,0,0,1,cal
cal_images/images/CLEVR_new_000887.png,blue_cylinder,1,0,0,0,1,0,cal
cal_images/images/CLEVR_new_000888.png,green_sphere,0,1,0,0,0,1,cal
cal_images/images/CLEVR_new_000889.png,blue_cylinder,1,0,0,0,1,0,cal
cal_images/images/CLEVR_new_000890.png,red_sphere,0,0,1,0,0,1,cal
cal_images/images/CLEVR_new_000891.png,blue_cube,1,0,0,1,0,0,cal
cal_images/images/CLEVR_new_000892.png,blue_sphere,1,0,0,0,0,1,cal
cal_images/images/CLEVR_new_000893.png,blue_cylinder,1,0,0,0,1,0,cal
cal_images/images/CLEVR_new_000894.png,red_sphere,0,0,1,0,0,1,cal
cal_images/images/CLEVR_new_000895.png,blue_sphere,1,0,0,0,0,1,cal
cal_images/images/CLEVR_new_000896.png,green_cylinder,0,1,0,0,1,0,cal
cal_images/images/CLEVR_new_000897.png,red_cylinder,0,0,1,0,1,0,cal
cal_images/images/CLEVR_new_000898.png,red_cube,0,0,1,1,0,0,cal
cal_images/images/CLEVR_new_000899.png,blue_sphere,1,0,0,0,0,1,cal
cal_images/images/CLEVR_new_000900.png,blue_cylinder,1,0,0,0,1,0,cal
cal_images/images/CLEVR_new_000901.png,green_cylinder,0,1,0,0,1,0,cal
cal_images/images/CLEVR_new_000902.png,blue_cube,1,0,0,1,0,0,cal
cal_images/images/CLEVR_new_000903.png,green_cylinder,0,1,0,0,1,0,cal
cal_images/images/CLEVR_new_000904.png,red_cylinder,0,0,1,0,1,0,cal
cal_images/images/CLEVR_new_000905.png,green_cube,0,1,0,1,0,0,cal
cal_images/images/CLEVR_new_000906.png,red_cube,0,0,1,1,0,0,cal
cal_images/images/CLEVR_new_000907.png,green_cube,0,1,0,1,0,0,cal
cal_images/images/CLEVR_new_000908.png,blue_cylinder,1,0,0,0,1,0,cal
cal_images/images/CLEVR_new_000909.png,green_sphere,0,1,0,0,0,1,cal
cal_images/images/CLEVR_new_000910.png,blue_cylinder,1,0,0,0,1,0,cal
cal_images/images/CLEVR_new_000911.png,green_cube,0,1,0,1,0,0,cal
cal_images/images/CLEVR_new_000912.png,blue_cube,1,0,0,1,0,0,cal
cal_images/images/CLEVR_new_000913.png,blue_sphere,1,0,0,0,0,1,cal
cal_images/images/CLEVR_new_000914.png,red_sphere,0,0,1,0,0,1,cal
cal_images/images/CLEVR_new_000915.png,red_cylinder,0,0,1,0,1,0,cal
cal_images/images/CLEVR_new_000916.png,blue_sphere,1,0,0,0,0,1,cal
cal_images/images/CLEVR_new_000917.png,red_cube,0,0,1,1,0,0,cal
cal_images/images/CLEVR_new_000918.png,green_sphere,0,1,0,0,0,1,cal
cal_images/images/CLEVR_new_000919.png,green_sphere,0,1,0,0,0,1,cal
cal_images/images/CLEVR_new_000920.png,red_cylinder,0,0,1,0,1,0,cal
cal_images/images/CLEVR_new_000921.png,blue_cylinder,1,0,0,0,1,0,cal
cal_images/images/CLEVR_new_000922.png,red_sphere,0,0,1,0,0,1,cal
cal_images/images/CLEVR_new_000923.png,green_cube,0,1,0,1,0,0,cal
cal_images/images/CLEVR_new_000924.png,green_cube,0,1,0,1,0,0,cal
cal_images/images/CLEVR_new_000925.png,blue_cube,1,0,0,1,0,0,cal
cal_images/images/CLEVR_new_000926.png,green_sphere,0,1,0,0,0,1,cal
cal_images/images/CLEVR_new_000927.png,blue_sphere,1,0,0,0,0,1,cal
cal_images/images/CLEVR_new_000928.png,green_cylinder,0,1,0,0,1,0,cal
cal_images/images/CLEVR_new_000929.png,green_cylinder,0,1,0,0,1,0,cal
cal_images/images/CLEVR_new_000930.png,blue_cylinder,1,0,0,0,1,0,cal
cal_images/images/CLEVR_new_000931.png,red_sphere,0,0,1,0,0,1,cal
cal_images/images/CLEVR_new_000932.png,green_cylinder,0,1,0,0,1,0,cal
cal_images/images/CLEVR_new_000933.png,blue_sphere,1,0,0,0,0,1,cal
cal_images/images/CLEVR_new_000934.png,blue_sphere,1,0,0,0,0,1,cal
cal_images/images/CLEVR_new_000935.png,blue_cylinder,1,0,0,0,1,0,cal
cal_images/images/CLEVR_new_000936.png,blue_sphere,1,0,0,0,0,1,cal
cal_images/images/CLEVR_new_000937.png,red_cube,0,0,1,1,0,0,cal
cal_images/images/CLEVR_new_000938.png,blue_sphere,1,0,0,0,0,1,cal
cal_images/images/CLEVR_new_000939.png,blue_sphere,1,0,0,0,0,1,cal
cal_images/images/CLEVR_new_000940.png,red_sphere,0,0,1,0,0,1,cal
cal_images/images/CLEVR_new_000941.png,green_cylinder,0,1,0,0,1,0,cal
cal_images/images/CLEVR_new_000942.png,green_cube,0,1,0,1,0,0,cal
cal_images/images/CLEVR_new_000943.png,blue_cylinder,1,0,0,0,1,0,cal
cal_images/images/CLEVR_new_000944.png,blue_sphere,1,0,0,0,0,1,cal
cal_images/images/CLEVR_new_000945.png,blue_cylinder,1,0,0,0,1,0,cal
cal_images/images/CLEVR_new_000946.png,green_cube,0,1,0,1,0,0,cal
cal_images/images/CLEVR_new_000947.png,green_cube,0,1,0,1,0,0,cal
cal_images/images/CLEVR_new_000948.png,blue_cylinder,1,0,0,0,1,0,cal
cal_images/images/CLEVR_new_000949.png,green_cube,0,1,0,1,0,0,cal
cal_images/images/CLEVR_new_000950.png,green_cube,0,1,0,1,0,0,cal
cal_images/images/CLEVR_new_000951.png,blue_cube,1,0,0,1,0,0,cal
cal_images/images/CLEVR_new_000952.png,green_cube,0,1,0,1,0,0,cal
cal_images/images/CLEVR_new_000953.png,red_cube,0,0,1,1,0,0,cal
cal_images/images/CLEVR_new_000954.png,blue_cylinder,1,0,0,0,1,0,cal
cal_images/images/CLEVR_new_000955.png,green_cube,0,1,0,1,0,0,cal
cal_images/images/CLEVR_new_000956.png,red_cube,0,0,1,1,0,0,cal
cal_images/images/CLEVR_new_000957.png,blue_cylinder,1,0,0,0,1,0,cal
cal_images/images/CLEVR_new_000958.png,red_cube,0,0,1,1,0,0,cal
cal_images/images/CLEVR_new_000959.png,green_sphere,0,1,0,0,0,1,cal
cal_images/images/CLEVR_new_000960.png,blue_sphere,1,0,0,0,0,1,cal
cal_images/images/CLEVR_new_000961.png,red_cylinder,0,0,1,0,1,0,cal
cal_images/images/CLEVR_new_000962.png,blue_sphere,1,0,0,0,0,1,cal
cal_images/images/CLEVR_new_000963.png,red_cylinder,0,0,1,0,1,0,cal
cal_images/images/CLEVR_new_000964.png,green_cube,0,1,0,1,0,0,cal
cal_images/images/CLEVR_new_000965.png,red_cylinder,0,0,1,0,1,0,cal
cal_images/images/CLEVR_new_000966.png,blue_cube,1,0,0,1,0,0,cal
cal_images/images/CLEVR_new_000967.png,blue_cylinder,1,0,0,0,1,0,cal
cal_images/images/CLEVR_new_000968.png,blue_sphere,1,0,0,0,0,1,cal
cal_images/images/CLEVR_new_000969.png,red_cylinder,0,0,1,0,1,0,cal
cal_images/images/CLEVR_new_000970.png,green_cylinder,0,1,0,0,1,0,cal
cal_images/images/CLEVR_new_000971.png,blue_cylinder,1,0,0,0,1,0,cal
cal_images/images/CLEVR_new_000972.png,red_cube,0,0,1,1,0,0,cal
cal_images/images/CLEVR_new_000973.png,red_cube,0,0,1,1,0,0,cal
cal_images/images/CLEVR_new_000974.png,blue_sphere,1,0,0,0,0,1,cal
cal_images/images/CLEVR_new_000975.png,green_cube,0,1,0,1,0,0,cal
cal_images/images/CLEVR_new_000976.png,blue_sphere,1,0,0,0,0,1,cal
cal_images/images/CLEVR_new_000977.png,red_sphere,0,0,1,0,0,1,cal
cal_images/images/CLEVR_new_000978.png,blue_cylinder,1,0,0,0,1,0,cal
cal_images/images/CLEVR_new_000979.png,red_sphere,0,0,1,0,0,1,cal
cal_images/images/CLEVR_new_000980.png,green_cube,0,1,0,1,0,0,cal
cal_images/images/CLEVR_new_000981.png,green_cube,0,1,0,1,0,0,cal
cal_images/images/CLEVR_new_000982.png,red_cube,0,0,1,1,0,0,cal
cal_images/images/CLEVR_new_000983.png,green_sphere,0,1,0,0,0,1,cal
cal_images/images/CLEVR_new_000984.png,red_cube,0,0,1,1,0,0,cal
cal_images/images/CLEVR_new_000985.png,green_cube,0,1,0,1,0,0,cal
cal_images/images/CLEVR_new_000986.png,green_cylinder,0,1,0,0,1,0,cal
cal_images/images/CLEVR_new_000987.png,blue_cube,1,0,0,1,0,0,cal
cal_images/images/CLEVR_new_000988.png,blue_sphere,1,0,0,0,0,1,cal
cal_images/images/CLEVR_new_000989.png,green_cube,0,1,0,1,0,0,cal
cal_images/images/CLEVR_new_000990.png,red_cylinder,0,0,1,0,1,0,cal
cal_images/images/CLEVR_new_000991.png,green_sphere,0,1,0,0,0,1,cal
cal_images/images/CLEVR_new_000992.png,blue_cube,1,0,0,1,0,0,cal
cal_images/images/CLEVR_new_000993.png,blue_sphere,1,0,0,0,0,1,cal
cal_images/images/CLEVR_new_000994.png,red_sphere,0,0,1,0,0,1,cal
cal_images/images/CLEVR_new_000995.png,red_cube,0,0,1,1,0,0,cal
cal_images/images/CLEVR_new_000996.png,blue_sphere,1,0,0,0,0,1,cal
cal_images/images/CLEVR_new_000997.png,blue_sphere,1,0,0,0,0,1,cal
cal_images/images/CLEVR_new_000998.png,blue_sphere,1,0,0,0,0,1,cal
cal_images/images/CLEVR_new_000999.png,red_sphere,0,0,1,0,0,1,cal
